arxiv_id,primary_category
0704.0566,math.AG
0704.0808,math.CA
0704.1352,math.AP
0704.1678,cs.GT
0704.2889,gr-qc
0704.3018,math.DG
0705.0292,quant-ph
0705.0341,math.OA
0705.0591,math.CV
0705.0677,math.DG
0705.0737,math.AG
0705.1128,math.DG
0705.2024,quant-ph
0705.2578,math.KT
0705.4571,math.RT
0706.0460,math.AT
0706.0745,math.PR
0706.1180,cond-mat.dis-nn
0706.1594,math.DG
0706.1792,math.AG
0706.1896,math.FA
0706.1953,math.OA
0706.2124,math.CO
0706.3637,math.PR
0706.3656,math.AG
0707.0033,math.DG
0707.1089,math.PR
0707.1177,math.CO
0707.1458,math.OA
0707.2052,math.AG
0707.2340,math.PR
0707.2424,math.DG
0707.2602,math.KT
0707.3023,math.CA
0707.3163,math.PR
0707.3486,math.AT
0707.3799,math.RT
0707.4287,math.AG
0707.4310,math.AG
0707.4522,math.GT
0708.0039,math-ph
0708.0109,math.CA
0708.0398,math.RT
0708.0669,math-ph
0708.2513,math.MG
0708.2520,math.SG
0708.2754,math.CV
0708.3075,math.LO
0708.3641,math.PR
0708.4252,gr-qc
0708.4346,math.DG
0709.0332,math.AG
0709.2592,math.AG
0709.3138,math.CO
0709.3542,math.AG
0709.3562,math.NT
0710.2310,math.DG
0710.3606,math.PR
0710.3877,math.CO
0710.4175,math.CV
0710.5666,quant-ph
0711.1643,math.GR
0711.1713,math.PR
0711.2195,math.AG
0711.3224,math.AG
0711.3533,math.NT
0711.4335,math.DG
0711.4753,gr-qc
0711.4948,math.PR
0712.0122,gr-qc
0712.0160,math.AT
0712.0349,math.AG
0712.0483,quant-ph
0712.1083,math.AG
0712.1328,math.RA
0712.1843,math.AC
0712.2000,math.PR
0712.2049,math.AG
0712.2214,math.GR
0712.2940,math.PR
0712.3135,math.FA
0712.3878,math.AG
0801.0401,math.RA
0801.2259,math.OA
0801.2565,math.AG
0801.2605,math.DG
0802.0183,math.CA
0802.0339,math.PR
0802.0996,math.AT
0802.3467,math.PR
0802.3842,math.SG
0802.4016,math.NT
0803.0503,math.AP
0803.0717,math.SG
0803.1268,math.CA
0803.1390,math.AG
0803.2336,math.CO
0803.3508,math.AP
0803.3532,math.SG
0804.0043,math.GT
0804.1662,math.AG
0804.1682,math.DG
0804.2233,math.NT
0804.2234,math.GR
0804.2771,math-ph
0804.3214,math.RT
0804.3577,math.AG
0804.3968,math.GR
0804.4892,math.CO
0805.0157,math.AG
0805.1678,math.CA
0805.1767,math.AG
0805.1860,math.FA
0805.2065,math.AG
0805.3122,math.OA
0805.3581,math.SG
0805.4454,math.DG
0805.4559,math.AG
0806.0047,math.FA
0806.0381,math.CO
0806.1442,math.PR
0806.1919,cs.IT
0806.1974,math.DS
0806.2457,math.DG
0806.3249,math.CO
0806.3366,math.CA
0806.3580,math.AT
0806.4330,math.NT
0806.4413,math.AG
0807.0848,math.AP
0807.1030,math.PR
0807.2392,math.FA
0807.4891,math.GT
0808.0613,math.SG
0808.1408,math.HO
0808.1560,math.PR
0808.1614,quant-ph
0808.2614,math.AP
0808.3351,math.AG
0808.3665,math.DG
0808.3802,math-ph
0809.0415,math.NT
0809.2554,cs.DS
0809.2967,math.NT
0809.3019,quant-ph
0809.3827,math.OA
0809.4095,math.GR
0810.0743,math.PR
0810.1485,math.CO
0810.1614,math.AG
0810.1927,math.NT
0810.2076,math.RT
0810.3721,math.GR
0810.4588,math.CV
0810.5037,math-ph
0811.0639,math.AG
0811.0791,math-ph
0811.1208,math.PR
0811.1524,cond-mat.dis-nn
0811.2251,math.CA
0811.2435,math.AG
0811.3422,math.GR
0812.1043,math.CO
0812.2084,math.AP
0812.2093,math.GR
0812.2563,cs.SC
0812.3674,math.CV
0901.0819,math.AT
0901.1154,math.AG
0901.1474,math.DG
0901.4051,quant-ph
0901.4503,math.GT
0902.0068,math.PR
0902.0635,math-ph
0902.0869,math.GT
0902.0882,quant-ph
0902.1115,math.PR
0902.1560,math.DG
0902.2317,math.OA
0902.2499,math.AT
0902.4585,math.GR
0902.4856,math.RT
0902.4875,math.AG
0903.0544,cs.DS
0903.1394,hep-th
0903.1879,math.CO
0903.2098,math.AG
0903.2962,math.PR
0903.3290,math.OA
0903.3362,math.PR
0903.4341,math.GT
0903.4637,math.MG
0903.4812,cs.DM
0903.4842,math.MG
0903.4914,math.OA
0903.5347,math-ph
0904.0039,math.AG
0904.0295,quant-ph
0904.0473,math.NT
0904.1592,math.AG
0904.2602,math-ph
0904.2744,hep-th
0904.3350,math.AG
0904.3863,math.NT
0905.0065,math.GR
0905.0518,math.DS
0905.0530,math.AP
0905.0583,math.OA
0905.0867,math.FA
0905.0946,math.AG
0905.1246,math.CV
0905.1524,math.PR
0905.1583,cs.CG
0905.2191,math.AG
0905.2622,math.DG
0905.2656,math.DG
0906.0026,math.GR
0906.0107,math.GR
0906.1815,math.NT
0906.2749,math.NT
0906.3804,math.PR
0906.4152,math.AG
0906.4313,math.AC
0906.4387,math.CO
0906.5566,gr-qc
0907.0145,math.CA
0907.1506,math.AG
0907.2087,math.AG
0907.3244,math.OA
0907.3375,math.AG
0907.3381,math.PR
0907.4170,math.AG
0907.4425,math.AG
0907.4672,quant-ph
0907.4747,math.NT
0907.5182,math.AG
0908.0626,math.AG
0908.3609,math.GT
0908.3724,math.AT
0908.3905,math.NT
0908.4121,math.AG
0908.4203,math.DG
0908.4565,math.OA
0909.2360,math.GR
0909.2531,math.AG
0909.2849,cs.DS
0909.3271,math.CO
0909.3795,math.AT
0909.4445,math.AG
0909.4499,math.PR
0909.5011,cs.CC
0909.5377,math-ph
0910.0604,math.AG
0910.1171,math.AG
0910.1368,math.OA
0910.1555,math.CA
0910.2024,cs.DS
0910.2026,math.MG
0910.2045,math-ph
0910.2521,math.AG
0910.3187,math.AT
0910.4419,math.AT
0910.4785,math.DG
0910.4869,math.CA
0910.4953,math.OA
0910.4957,math.AP
0910.5440,math.SG
0911.0883,gr-qc
0911.1028,math.DG
0911.1298,cs.IT
0911.2809,math.CO
0911.5364,quant-ph
0912.2444,math.PR
0912.2570,math.AG
0912.2709,cs.CC
0912.2759,math.PR
0912.2877,math.DG
0912.3190,math.DG
0912.4253,math.PR
0912.4923,math.AG
0912.5040,math.PR
1001.0217,math.MG
1001.0562,math.AP
1001.1231,cs.DS
1001.2282,math.KT
1001.2618,math.AP
1001.3763,math.AG
1001.5140,math.DS
1002.0373,math.AP
1002.0381,math.PR
1002.0698,math.AG
1002.0807,math.AT
1002.2028,math.CO
1002.2036,math.DS
1002.2209,math.NT
1002.2210,math.NT
1002.2821,math.AG
1002.4145,math.AG
1002.4595,math.OA
1002.4792,math.RT
1002.4797,math.AG
1003.0695,math.RA
1003.2116,math.DG
1003.2319,quant-ph
1003.2343,math.AG
1003.2517,math.GT
1003.4241,math.AG
1003.4474,math.GR
1003.4556,math.AP
1003.4578,math.RT
1003.4675,math.PR
1003.5240,math.PR
1003.5948,math.MG
1003.6007,math.GR
1004.0035,math.DS
1004.1382,math.RA
1004.1941,math.KT
1004.2418,math.CO
1004.4037,math-ph
1004.4155,math.PR
1004.4389,math.PR
1005.0614,math.AG
1005.0644,cs.CC
1005.0918,math.AT
1005.0982,cs.CG
1005.1624,math.DG
1005.2720,math.PR
1005.2796,math.AG
1005.4033,cs.DS
1005.4843,math.AG
1006.0093,quant-ph
1006.1465,math.DG
1006.2374,math.PR
1006.2706,math.AG
1006.2731,math.OA
1006.2883,cs.IT
1006.3400,math.AG
1006.3786,cs.DM
1006.3970,cs.DS
1006.4601,gr-qc
1006.4700,cs.CC
1006.4936,math.PR
1006.5073,math.PR
1006.5174,math.CV
1006.5397,math.OA
1007.1365,math.GR
1007.1489,math.GR
1007.1904,math.NT
1007.2152,cs.DS
1007.3085,math.AG
1008.1320,math.NA
1008.1378,math.PR
1008.1674,math.FA
1008.1716,math.ST
1008.2447,math.PR
1008.4321,math.PR
1008.4969,math.CA
1009.0286,math.AP
1009.1654,math.QA
1009.2331,math.CT
1009.2367,math-ph
1009.2407,quant-ph
1009.2541,math.OA
1009.2836,math-ph
1009.3040,math.RT
1009.3188,math.AG
1009.3694,math-ph
1009.3721,math.CO
1009.3723,math.PR
1009.3764,math.NT
1009.3996,math.AG
1009.3998,math.CO
1009.4694,math.AP
1009.4720,math.GT
1009.6214,math.AP
1010.0565,math.FA
1010.1356,math.PR
1010.1490,math.PR
1010.1875,quant-ph
1010.3760,math.CA
1010.4220,math.GR
1010.4256,math.DG
1010.6171,math.AG
1010.6217,math.NT
1011.1263,cs.DS
1011.1602,math.CO
1011.1690,math.SG
1011.2586,cs.CC
1011.3420,cond-mat.dis-nn
1011.3424,math.NT
1011.3551,math.PR
1011.3699,math.AG
1011.3987,math.DG
1011.4105,math.CO
1011.4616,math.AP
1011.4617,math.AP
1011.5081,math.AG
1011.6140,math.CA
1012.0493,math.AG
1012.0725,math.NT
1012.0864,math.AG
1012.0884,math.AG
1012.1262,math.CO
1012.1350,math.CO
1012.2878,math.CO
1012.3349,math.GT
1012.3509,math.CO
1012.3760,math.CA
1012.4150,math.KT
1012.4196,math.QA
1012.4797,math.PR
1012.5468,math.CO
1012.6044,quant-ph
1101.0023,math.AT
1101.1226,math.DG
1101.3507,math.CO
1101.4497,math.CO
1101.4606,math.AG
1102.0198,math.AG
1102.0729,math.MG
1102.0747,math.GR
1102.1451,math.OA
1102.2300,cs.CC
1102.3615,cs.LO
1103.0603,math.DS
1103.2028,math.NT
1103.2282,math.RT
1103.2736,math.AG
1103.2774,quant-ph
1103.5010,math.AG
1103.5132,math.AG
1103.5835,math.CV
1104.0361,math.AG
1104.0603,math.AP
1104.0969,math-ph
1104.1077,math.CV
1104.1519,quant-ph
1104.1606,math.PR
1104.1974,math-ph
1104.2309,math.AG
1104.3264,math.NT
1104.4981,math.AG
1104.4992,math.DS
1104.5100,math.CA
1105.0675,quant-ph
1105.0783,math.DG
1105.1169,math.AG
1105.1551,math.NT
1105.1902,cond-mat.dis-nn
1105.3410,math.AG
1105.4158,math.PR
1105.4172,math.PR
1105.4589,math.CA
1105.4842,math.PR
1105.4857,math.AG
1105.4904,math.DG
1106.0649,math.CO
1106.0722,math.CA
1106.1192,math.AP
1106.2844,math.CO
1106.4287,math.CO
1106.5573,math.AG
1107.0168,math.AG
1107.1153,math.CO
1107.2365,quant-ph
1107.2863,math.AG
1107.3987,hep-th
1107.4643,math.DG
1107.5107,math.DG
1107.6044,math.AG
1108.0917,math.CA
1108.1210,math.PR
1108.1312,math.AP
1108.1738,math.AG
1108.1741,math.AG
1108.1970,math.OA
1108.2241,math.PR
1108.3170,math.RT
1108.3244,math.DG
1108.3494,cs.CC
1108.5351,math.AG
1108.5474,math.DG
1108.6309,math.AT
1109.0222,math.DG
1109.0358,math-ph
1109.0466,math.CA
1109.1863,math.OA
1109.2204,physics.chem-ph
1109.2379,math.OA
1109.3041,cond-mat.stat-mech
1109.4022,math-ph
1109.4382,math.AG
1109.5602,gr-qc
1109.6072,math.RT
1109.6102,math.DG
1109.6395,math.CA
1109.6396,math.CA
1110.1064,cs.DS
1110.1580,cs.DS
1110.2148,math.MG
1110.2272,math.CO
1110.2976,math.AG
1110.4253,math.FA
1110.5001,math.AG
1110.5008,math.GR
1110.5033,cond-mat.str-el
1110.5203,math.PR
1110.5588,math.AG
1111.0355,math.DG
1111.0902,math.CV
1111.1354,math.AG
1111.1637,math.OA
1111.2184,math.DG
1111.2445,math.PR
1111.2970,quant-ph
1111.4109,math.AG
1111.4210,quant-ph
1111.4853,math.PR
1111.4914,math.AG
1111.5604,math.RA
1111.6559,math.CA
1111.6566,math.SG
1112.1003,math.PR
1112.1642,math.NT
1112.1650,math.NT
1112.2017,math.PR
1112.2402,math.AG
1112.2436,math.AP
1112.3716,math.CA
1112.3941,math.RT
1112.4181,math.DG
1112.4399,math.PR
1112.4409,math.PR
1201.0631,math.CO
1201.0640,math.OA
1201.0847,math.FA
1201.1496,math.PR
1201.1498,math.PR
1201.1818,math.AP
1201.2342,math.AP
1201.2891,math.PR
1201.3321,math.DG
1201.3342,math.AP
1201.3415,hep-lat
1201.3503,math-ph
1201.3739,math.AP
1201.4764,cs.DS
1201.6343,math.AG
1202.0067,math.RT
1202.0475,math.AG
1202.1673,math.RT
1202.2838,math-ph
1202.4037,math-ph
1202.5485,math.AP
1202.5521,math-ph
1202.6340,math.NT
1202.6514,math.DG
1202.6662,math.AG
1203.0893,math.MG
1203.1081,math.AG
1203.3236,math.AG
1203.3259,math.PR
1203.4223,math.CO
1203.5747,cs.DS
1203.6111,math.CO
1203.6597,math.DG
1204.1111,cs.DS
1204.2182,math.OA
1204.2810,math.GT
1204.3022,cs.LO
1204.4040,math-ph
1204.4305,math.GR
1204.4667,math.GT
1204.5221,hep-th
1204.6443,math.AG
1204.6447,cs.DM
1205.0401,math.PR
1205.0679,cs.LO
1205.1279,math.AG
1205.1927,math.GR
1205.3409,quant-ph
1205.3463,math.AG
1205.4455,math.DG
1205.5669,math.PR
1205.5709,math.PR
1205.6199,math.PR
1205.6214,math.DG
1205.6371,math.CA
1205.6610,math.PR
1205.6622,math.MG
1205.7086,math.NT
1206.0079,math.DG
1206.0287,math.DS
1206.0882,math.RT
1206.1671,math.PR
1206.1775,cs.CC
1206.2212,math.PR
1206.2459,cs.IT
1206.2941,math.AT
1206.2945,math.AT
1206.2947,quant-ph
1206.3071,cond-mat.str-el
1206.4838,math.AG
1206.5405,math.OA
1206.5669,math.CO
1206.6240,math.DG
1206.6377,math.PR
1207.1480,math.PR
1207.1780,math.PR
1207.1918,math.AG
1207.2085,math.AG
1207.4709,math.NT
1207.4838,math.CV
1207.4924,math.DG
1207.5484,math.DG
1207.5701,math.CO
1207.6741,math.OA
1208.0441,math.OC
1208.0457,math.AG
1208.0583,math.NT
1208.1176,cs.CR
1208.1291,math.RT
1208.1787,math.AG
1208.2187,math.AC
1208.3111,math.AG
1208.3302,math.AG
1208.3674,hep-th
1208.3787,math.PR
1208.3816,math.KT
1208.4312,math.DG
1208.4488,math.OA
1208.4751,math.NT
1208.6333,math.RT
1209.0141,math-ph
1209.0438,math.DG
1209.1768,math.GR
1209.1822,math.FA
1209.2063,math.GR
1209.2408,cs.CC
1209.3000,math.OA
1209.3036,math.PR
1209.3292,math.OA
1209.3819,quant-ph
1209.4116,math.OA
1209.4342,math.AG
1209.5122,math.AC
1209.5311,math.OA
1209.5786,math.FA
1210.0178,math.GR
1210.0314,math.PR
1210.1132,math-ph
1210.1283,math.CO
1210.2092,math.AG
1210.2237,math.OA
1210.2377,math.SG
1210.3935,math.AG
1210.4287,math.AG
1210.4583,quant-ph
1210.5562,math.AC
1210.5916,math.AG
1210.6585,math.GR
1210.6811,math.AG
1211.0106,math.CV
1211.2766,math.OC
1211.2948,math.CV
1211.3559,math.GR
1211.3758,math.AG
1211.3767,math.NT
1211.4146,math.PR
1211.4608,math.AG
1211.5948,math.AG
1211.5999,math.RT
1211.6357,math.NT
1211.6963,math.OA
1212.0529,math.PR
1212.0791,math.RT
1212.1803,math.MG
1212.1873,math.CA
1212.1883,math.CO
1212.2544,math.FA
1212.2653,math.AC
1212.3999,math.CV
1212.5229,math.AP
1212.5457,math.OA
1212.5847,math.PR
1212.5966,math.MG
1212.6205,math.PR
1212.6215,math-ph
1212.6345,math.OA
1212.6814,math.AG
1212.6973,math.AP
1301.0377,math.SG
1301.0792,math.NT
1301.1113,math.NT
1301.1162,quant-ph
1301.1259,math.PR
1301.1702,cs.LO
1301.2514,math-ph
1301.2524,math.DG
1301.2876,math.PR
1301.3053,math.NT
1301.3356,math.PR
1301.4561,math.AG
1301.5370,math-ph
1301.5594,math.NT
1301.6584,math.AG
1301.6598,math.HO
1301.6889,math.AG
1301.6968,math.AG
1302.0298,math.AG
1302.0884,hep-th
1302.4649,math-ph
1302.4738,math.PR
1302.5016,math.AG
1302.5194,math.AG
1302.5719,math.MG
1302.6050,math.PR
1302.6180,math.AG
1302.6293,math.AG
1302.6933,math.GR
1303.0586,math.SG
1303.0588,math.SG
1303.1043,math.AG
1303.1196,math.AP
1303.1424,math.OA
1303.2770,math.CO
1303.2963,cs.DS
1303.3115,math.DG
1303.3122,math.CA
1303.3253,math.AG
1303.3539,math.CO
1303.3573,math.PR
1303.3919,math.AG
1303.4197,math.MG
1303.4371,math.OA
1303.4382,math.DG
1303.4725,math.PR
1303.4812,math.AG
1304.0292,math.DG
1304.0643,math.FA
1304.0738,math.CO
1304.0936,math.GT
1304.1826,math.PR
1304.3348,math.KT
1304.4013,math.AG
1304.4404,math.AG
1304.4587,math.PR
1304.5216,math.CV
1304.5777,cs.CC
1304.5931,quant-ph
1304.5990,math.GR
1304.6210,math.RT
1304.7512,cs.CG
1304.7523,math.AG
1304.8108,cs.DS
1305.0154,math.PR
1305.0345,math.AG
1305.1347,cs.DS
1305.1979,cs.CC
1305.2052,math.AG
1305.2471,math.FA
1305.2584,math.MG
1305.3977,math.CO
1305.4581,cs.CC
1305.4603,gr-qc
1305.4745,cs.CC
1305.4811,math.AG
1305.4849,math.DG
1305.5086,math.AT
1305.6302,math.AG
1305.6438,math.KT
1305.6747,math.PR
1305.6784,math.PR
1305.7387,math.AG
1306.0945,math.OA
1306.1191,math.DG
1306.1194,math.DG
1306.1515,math.AG
1306.1767,math.GR
1306.2380,math.MG
1306.2385,math.GR
1306.2400,math.CO
1306.3235,math.AG
1306.3268,cond-mat.str-el
1306.3969,math.CO
1306.3979,math.OC
1306.4304,math.AG
1306.4483,math.AG
1306.4739,gr-qc
1306.5920,quant-ph
1306.6798,math.AG
1307.0259,math.NT
1307.1029,math.GT
1307.1334,math.MG
1307.2140,math.AG
1307.2205,cs.DS
1307.2207,math.PR
1307.2224,math.MG
1307.2274,cs.DS
1307.2802,math.NT
1307.3002,cond-mat.str-el
1307.3692,cs.DS
1307.3736,cs.DS
1307.3975,cs.CC
1307.6117,math.PR
1307.6316,math.CO
1308.0710,math.DG
1308.2033,math.CV
1308.2361,math.QA
1308.2941,math.OA
1308.3607,math.AP
1308.3864,math.AG
1308.3982,math.OA
1308.5417,math.DG
1309.1088,math.RT
1309.1326,math.DG
1309.1337,math.AT
1309.1368,math.AC
1309.2432,math.PR
1309.2767,math.AP
1309.2921,hep-th
1309.3315,math.MG
1309.3665,math.CO
1309.4914,math.AG
1309.5302,math-ph
1309.6661,math.AP
1309.7591,gr-qc
1309.7617,nlin.CD
1309.7992,quant-ph
1310.0632,math.CO
1310.0658,math.CA
1310.0746,quant-ph
1310.1274,math.PR
1310.1356,math.NA
1310.2200,math-ph
1310.2526,math.DG
1310.2549,cond-mat.dis-nn
1310.2728,math.CO
1310.3002,math.DG
1310.4031,math.DG
1310.4113,quant-ph
1310.4395,math.GR
1310.6679,math.PR
1310.7263,math.NT
1310.7787,quant-ph
1311.0939,math.AC
1311.1538,math.RA
1311.2071,math.AG
1311.2084,math.GR
1311.2237,math-ph
1311.2343,math.KT
1311.3098,math.AG
1311.4600,math.NT
1311.4907,math.MG
1311.4954,math.FA
1311.4970,gr-qc
1311.5073,math.AG
1311.5141,math.AG
1311.6170,math.NT
1311.6176,math.NT
1311.6309,quant-ph
1311.6501,math.DG
1311.7167,math.DG
1312.0106,math.GR
1312.0428,hep-th
1312.0533,math-ph
1312.1946,math.PR
1312.2251,quant-ph
1312.3518,math.GT
1312.3783,math.CO
1312.4046,math.DG
1312.5549,math.AG
1312.5842,math.PR
1312.6249,cs.GT
1312.6619,math.AG
1312.7159,math.PR
1312.7748,math.NT
1312.7769,math-ph
1312.7785,math.PR
1312.7873,math-ph
1401.0218,math.PR
1401.0479,math.AG
1401.0917,math.PR
1401.1555,math.PR
1401.2890,math.CA
1401.4197,math.DS
1401.5432,math.CV
1401.7130,math.PR
1401.7634,math.GR
1401.7714,cs.DS
1401.7946,math.AG
1401.8093,math.CV
1402.0055,hep-th
1402.0298,math.PR
1402.0404,quant-ph
1402.2433,math.PR
1402.3018,math.CO
1402.3208,hep-th
1402.3840,quant-ph
1402.4070,quant-ph
1402.4317,math.DG
1402.4342,math.CV
1402.4463,math-ph
1402.4510,math.GT
1402.4595,math.RT
1402.4788,math.FA
1402.5132,math.PR
1402.5376,math.PR
1402.6322,hep-th
1402.6687,math.DG
1402.7034,gr-qc
1403.0223,math.RT
1403.0747,math.OA
1403.1035,math.NT
1403.1307,cs.CC
1403.3516,math.GR
1403.4939,hep-th
1403.5335,math.CA
1403.5613,math.AG
1403.5998,math.AT
1403.6385,math.NA
1403.6401,math.AP
1403.6710,cs.CC
1403.7067,math.NT
1403.7108,math.NT
1403.7253,math-ph
1403.7343,cs.DS
1403.7501,math.AT
1403.7653,math.OA
1404.0279,math.AG
1404.0445,math.DG
1404.1039,math.DG
1404.1861,math.OA
1404.1950,cs.CC
1404.2060,math.PR
1404.2156,math.CT
1404.3070,math.OA
1404.3396,cs.CC
1404.3939,math.FA
1404.4098,math.RT
1404.4179,math.KT
1404.4183,math.SG
1404.4473,cs.DS
1404.4485,math.AP
1404.5662,math.FA
1404.5895,math.PR
1404.6022,math.NT
1404.6416,math.AG
1404.6780,math.AG
1404.7009,math.DG
1404.7616,quant-ph
1404.7630,math.AT
1405.0726,math.GR
1405.2222,math.DG
1405.2243,math.CO
1405.2505,math.SG
1405.3035,math.NT
1405.3096,math.AG
1405.3322,cs.GT
1405.4629,math.CO
1405.4676,math-ph
1405.4698,math.CV
1405.4902,math.AG
1405.5154,math.AG
1405.7680,math.AG
1406.0165,math.AP
1406.0491,math.PR
1406.0763,math.DS
1406.1248,math.PR
1406.2166,math.AG
1406.2382,math.OA
1406.2759,math.AG
1406.2951,cs.DS
1406.2973,quant-ph
1406.3105,math.PR
1406.3292,math.GR
1406.4420,math.PR
1406.4702,math.PR
1406.5015,math.GR
1406.5930,math.DS
1406.6132,math.AG
1406.6350,math.AP
1406.6534,math.DG
1406.6738,math.CO
1406.7710,math.PR
1407.0664,math.OA
1407.0809,math.DG
1407.0964,math.RT
1407.1916,math.CA
1407.1995,math.NT
1407.2383,math.RA
1407.3240,math.PR
1407.3360,cs.CC
1407.3658,math.AG
1407.4756,math.AP
1407.4766,math.DG
1407.5289,math.MG
1407.6309,math.PR
1407.7261,math.AG
1407.8203,cond-mat.str-el
1407.8436,math.SG
1408.1028,math.PR
1408.2008,math-ph
1408.2568,math.CO
1408.3346,math.AG
1408.3554,math.CO
1408.4308,math.AG
1408.4783,math.CA
1408.5194,math.AG
1408.6410,quant-ph
1408.6794,math.SG
1409.0067,gr-qc
1409.0467,math.AC
1409.1141,math.AC
1409.1395,math.OA
1409.1534,math.AG
1409.1812,math.DG
1409.2440,math.CO
1409.2508,math.LO
1409.2595,math.CO
1409.3010,math.CA
1409.3063,math.AG
1409.3271,gr-qc
1409.3445,math.DS
1409.3569,cond-mat.str-el
1409.3577,cond-mat.str-el
1409.3616,math.AC
1409.3664,math.AG
1409.3731,math.NT
1409.4346,math.FA
1409.4347,math.MG
1409.4490,math.PR
1409.4833,math.CO
1409.5504,math.AG
1409.5946,quant-ph
1409.7055,math.PR
1409.7194,math.CO
1409.7212,gr-qc
1409.7534,math-ph
1409.7564,math.AG
1409.7681,math.DG
1409.8556,math.AP
1410.0938,math.AG
1410.1039,math.NT
1410.1585,math.AG
1410.2958,math.AG
1410.3312,math.AG
1410.3354,math.DG
1410.3966,math.MG
1410.4397,quant-ph
1410.5407,math.PR
1410.6549,math.RT
1410.6626,gr-qc
1410.6883,math-ph
1410.7184,math.CO
1410.7318,math.PR
1410.7463,math.AP
1411.0650,math.PR
1411.1377,math.AG
1411.1394,math.AG
1411.1919,cs.DS
1411.2955,math.AG
1411.2995,quant-ph
1411.3235,math.AG
1411.3989,math.SG
1411.4028,quant-ph
1411.4613,cs.DS
1411.5729,quant-ph
1411.6317,cs.CC
1411.7020,math-ph
1411.7160,math-ph
1411.7280,quant-ph
1411.7499,math.DG
1411.7661,math.NT
1412.0441,math.MG
1412.0631,math.OA
1412.0940,math.CO
1412.2384,math.CA
1412.3700,math.PR
1412.3839,math.PR
1412.5029,math.NT
1412.5036,math.AG
1412.5166,math.AG
1412.5321,math.MG
1412.6194,math.AG
1412.7392,stat.CO
1412.7744,math.AG
1412.8379,gr-qc
1501.01291,math.DG
1501.02430,math.AG
1501.02441,math.CO
1501.02860,math.DS
1501.03397,cond-mat.stat-mech
1501.04585,math.NT
1501.04742,math.AG
1501.06035,math.CO
1501.06635,math.PR
1501.07759,math.AT
1502.00546,math.PR
1502.00768,math.NT
1502.01255,cs.CC
1502.02044,math.GT
1502.02190,math.AT
1502.03050,math.PR
1502.03183,math.AP
1502.03936,math.AG
1502.04343,math.PR
1502.04398,math.PR
1502.04720,math.AP
1502.04796,math.PR
1502.05330,quant-ph
1502.06290,gr-qc
1502.06845,math.QA
1503.01207,math.OC
1503.01260,math.OA
1503.01388,math.OA
1503.01492,math.CT
1503.02460,math.OA
1503.02720,math.AT
1503.03676,math-ph
1503.03923,math.PR
1503.04579,math.AG
1503.04977,math.GR
1503.05105,math.DG
1503.05121,math.NT
1503.05690,math.NT
1503.06689,math.PR
1503.07966,math.KT
1503.08519,math.OA
1503.08702,math.PR
1504.00694,math.NT
1504.00703,cs.CC
1504.01095,math.AG
1504.02411,cs.CC
1504.02623,math.DG
1504.02731,math.PR
1504.02910,math.DG
1504.03605,math.PR
1504.04767,cs.DS
1504.04893,math.DS
1504.05919,math.PR
1505.01152,hep-th
1505.02124,math.CV
1505.02127,hep-th
1505.02205,cs.CC
1505.02952,math.AG
1505.03375,math.PR
1505.03419,math.AG
1505.03428,math.DG
1505.04159,math.PR
1505.04952,math.CO
1505.05587,math.NT
1505.05802,math.DG
1505.06100,math.OA
1505.06479,math.CA
1505.06700,math.PR
1505.06768,math.AG
1505.07349,math.PR
1506.00861,math.CA
1506.01055,cs.DM
1506.02335,math.CO
1506.03154,math.DG
1506.03167,cs.IT
1506.03804,math.PR
1506.03974,math.OA
1506.04014,quant-ph
1506.04719,cs.CC
1506.05030,math.DG
1506.06400,gr-qc
1506.07243,math-ph
1506.07977,math.PR
1506.08150,math.CA
1506.09113,math.PR
1506.09170,math.NT
1507.00070,math.ST
1507.00688,math.AG
1507.00853,math.FA
1507.01072,math.OA
1507.01481,math.MG
1507.02419,math.NT
1507.02436,math.CA
1507.03069,math.AG
1507.03625,math.NT
1507.05021,math.ST
1507.05067,math.PR
1507.05082,math.DG
1507.05697,math.NT
1507.06450,math.CO
1507.06869,math.AT
1507.06898,math.AP
1507.07775,quant-ph
1507.08489,math.AG
1507.08520,cond-mat.dis-nn
1508.00142,cs.DS
1508.00690,cs.DS
1508.00951,math.CO
1508.01627,math.RT
1508.01938,math.AC
1508.02456,math.AG
1508.03316,math.LO
1508.03431,cs.GT
1508.04406,math.NT
1508.04454,math.GR
1508.05337,math.PR
1508.05788,math.AG
1508.06282,math.AG
1508.06439,math.DS
1508.07109,math.CO
1508.07379,math-ph
1509.01045,math.AP
1509.03944,math.RT
1509.04957,math.RT
1509.05422,math.NT
1509.05528,math.AG
1509.05707,math.NT
1509.06255,gr-qc
1509.06425,math.AG
1509.07071,math.PR
1509.07607,math.GT
1509.08421,math.AG
1509.08858,math-ph
1510.00657,math.CO
1510.01917,math.OA
1510.02376,math.SP
1510.02721,math-ph
1510.02852,math.AG
1510.03414,math.PR
1510.03573,math.AC
1510.03780,math.LO
1510.05146,math.AC
1510.06346,math.PR
1510.07505,math.AP
1510.07922,math.AG
1510.08481,math.NT
1510.08711,math.RA
1510.08838,math.SG
1511.00294,math.AG
1511.00773,math.AG
1511.01393,math.AG
1511.01418,math.RA
1511.01937,quant-ph
1511.02387,math.CO
1511.02395,math.CT
1511.03262,math.PR
1511.03526,math.AT
1511.03589,math.KT
1511.03678,math.CO
1511.04222,math.CV
1511.05886,cs.DS
1511.06242,gr-qc
1511.08064,math.AT
1511.08164,math.AG
1511.08731,math.GR
1511.09131,math.RT
1511.09154,math.AG
1512.00060,math.LO
1512.00088,quant-ph
1512.00368,math.CV
1512.00370,math.PR
1512.00804,math.PR
1512.03238,math.CA
1512.03401,math.OC
1512.03531,cs.CC
1512.03748,math.RT
1512.03887,math.AG
1512.05094,math.AP
1512.05607,math.MG
1512.06190,math.PR
1512.07276,math.CA
1512.09080,math.PR
1601.00497,math-ph
1601.00729,math.DG
1601.01602,math.AG
1601.02066,math.DG
1601.02479,math.RT
1601.03374,math.PR
1601.03586,math.RT
1601.05279,math.AG
1601.05498,math.CO
1601.07158,math.NT
1601.07518,math.CO
1602.00021,math.OA
1602.00261,math.CA
1602.00645,math.AG
1602.01210,quant-ph
1602.02074,math.AG
1602.02110,math.AG
1602.03148,math.AG
1602.03884,math.PR
1602.04255,math.GR
1602.05055,math.AG
1602.05094,math.AG
1602.05161,cs.LG
1602.05738,math.CO
1602.06040,math.MG
1602.07251,math-ph
1602.07962,math.CT
1602.08564,math.DS
1603.00251,math.PR
1603.00416,math.AG
1603.00525,math.LO
1603.00631,math.DS
1603.01194,math.PR
1603.02933,math.CO
1603.03317,math.CA
1603.03362,math.PR
1603.04481,math.MG
1603.04759,math.MG
1603.05203,math.PR
1603.05531,math.PR
1603.05579,math.NA
1603.05645,math.RT
1603.05765,math.AG
1603.06037,math.AP
1603.06236,cs.FL
1603.07026,math.SG
1603.07815,math.CO
1603.08423,math.PR
1603.08479,math.NT
1603.09684,math.MG
1604.01762,math.GM
1604.01922,math.AT
1604.03023,math-ph
1604.03502,math.DG
1604.03625,math.RT
1604.03963,math.DS
1604.04340,quant-ph
1604.04423,math.DS
1604.05684,math.OA
1604.06420,math.PR
1604.06431,cs.CC
1604.06975,math.PR
1604.07199,math.OC
1605.00435,math.AG
1605.00441,quant-ph
1605.00985,math.PR
1605.01034,math.AG
1605.01297,math.PR
1605.02284,math.CV
1605.03563,math.PR
1605.03850,math.DG
1605.05301,math.PR
1605.06361,math.CO
1605.07976,math.OA
1605.08005,math.AG
1605.08072,hep-th
1605.08462,math.OC
1606.01043,math.CO
1606.01381,math.DG
1606.02117,math.NT
1606.02751,math.CV
1606.03078,math.DG
1606.03372,math.GT
1606.04550,cs.CC
1606.05335,math.PR
1606.06301,quant-ph
1606.06781,math.NT
1606.06942,math.CO
1606.07355,math-ph
1606.08066,math.AP
1606.08603,quant-ph
1606.08894,math.AG
1606.08958,math.DG
1607.00586,math.AG
1607.00668,math.CT
1607.03036,math.PR
1607.03885,math.LO
1607.04684,math.AG
1607.05891,math.DG
1607.06424,math.PR
1607.06862,math.AP
1607.07747,math.GN
1607.08199,math.AG
1608.00156,math.CA
1608.04706,math.AG
1608.06161,math.CA
1608.07089,math.CV
1609.00095,math.AC
1609.00121,math.AG
1609.01254,math.OA
1609.01377,math.DG
1609.02196,math-ph
1609.02447,math.PR
1609.02879,math.AG
1609.03435,math.CO
1609.03757,math.DS
1609.03818,math-ph
1609.04195,math.FA
1609.04235,math.CO
1609.04368,math.PR
1609.04543,math.FA
1609.04622,math.CT
1609.04776,math.SG
1609.05137,math.CO
1609.05458,math.CO
1609.05543,math.AG
1609.05744,math.NT
1609.06272,math-ph
1609.06851,math.CO
1609.06965,math.NT
1609.08527,math-ph
1609.09011,math.PR
1609.09052,math.PR
1610.00298,math.AG
1610.03339,math.DG
1610.03796,math.MG
1610.04663,math.AP
1610.04904,math.DG
1610.05233,math.CA
1610.08121,math.AG
1610.08339,math.AT
1610.08349,cs.CC
1610.09154,math.CA
1610.09970,quant-ph
1611.01029,cs.CC
1611.01805,cs.DS
1611.02650,math-ph
1611.02831,cs.MS
1611.03888,math.PR
1611.04078,math.AG
1611.04548,cs.DS
1611.05159,math.OA
1611.05784,math.CO
1611.05956,math.GR
1611.05979,math.MG
1611.08768,math.AG
1611.09762,math.CA
1612.00076,cond-mat.other
1612.00526,math.AP
1612.01170,math.OA
1612.01274,cond-mat.stat-mech
1612.01760,math.NT
1612.01980,cs.IT
1612.01984,math.MG
1612.02580,math.PR
1612.02873,math.DS
1612.02901,math.CO
1612.03599,math.PR
1612.03998,math.RT
1612.04450,math.AT
1612.04747,math.RT
1612.06023,math.DG
1612.06517,math-ph
1612.07048,math.OC
1612.08938,quant-ph
1612.09000,quant-ph
1701.00265,math.NT
1701.01528,math.AT
1701.02180,math.OA
1701.02218,math.OA
1701.05174,math.PR
1701.05182,quant-ph
1701.05249,math.CA
1701.06637,math.CA
1701.07045,math.CA
1701.07101,cs.DM
1701.07868,math.AP
1701.08423,cs.DS
1702.01231,math.CA
1702.02325,math.NT
1702.02860,math.PR
1702.02919,math.PR
1702.02937,cs.DS
1702.05505,math.AG
1702.05902,math.RT
1702.08026,math.PR
1703.00292,math.AG
1703.00640,cs.SC
1703.03175,math.AG
1703.03297,math.MG
1703.03998,cs.DS
1703.04939,math.MG
1703.05914,math.GN
1703.06829,math.DG
1703.06872,math.PR
1703.07707,math.PR
1703.07896,math.FA
1703.07898,math.SG
1703.08853,cs.IT
1703.09503,cond-mat.stat-mech
1703.10265,math.MG
1703.10656,hep-th
1703.10839,math.AG
1704.00807,cs.IT
1704.01336,math.RT
1704.01408,math.AG
1704.01929,cs.CC
1704.02367,cs.DS
1704.02918,math.CA
1704.04691,math.NT
1704.05490,math.DG
1704.06058,math.PR
1704.07620,math.DG
1705.00377,math.DG
1705.00499,math-ph
1705.00847,math.AG
1705.01084,math.AG
1705.02253,math.AP
1705.03104,math.PR
1705.04063,math.AG
1705.05017,math.QA
1705.07036,math.AT
1705.09370,math.CO
1705.10024,math.CO
1705.10963,math.CO
1705.11161,math.PR
1706.00440,math-ph
1706.01749,math.MG
1706.01933,math.AG
1706.02373,math.MG
1706.02980,math.NT
1706.03690,math.OA
1706.03737,math.FA
1706.03749,math.NT
1706.04290,math.PR
1706.04386,math.AG
1706.05540,math.SG
1706.05603,math.PR
1706.06139,cs.GT
1706.06170,math.AT
1706.06712,math.NT
1706.06958,math.NT
1706.07111,math.CA
1706.07737,math.PR
1706.08561,math.ST
1706.08814,math.AG
1706.09571,math.GT
1707.00091,math.NT
1707.00257,math.DG
1707.00520,math.PR
1707.00999,math.AG
1707.01327,math.AG
1707.01799,math.AT
1707.02287,math.CO
1707.02668,math.PR
1707.05561,math.AG
1707.09919,math.DG
1708.00141,math.DG
1708.00395,math.PR
1708.01632,cs.DS
1708.02060,math.MG
1708.03566,math.AG
1708.03801,math.PR
1708.04215,cs.DS
1708.04279,math.SG
1708.05150,math.AT
1708.05622,cs.DS
1708.05761,math.AC
1708.05802,math.AG
1708.06307,math.AP
1708.06854,math.AT
1708.07114,math.PR
1708.07205,math.AG
1708.07968,math.GR
1708.08129,math.AG
1708.08567,math.AG
1708.08820,math-ph
1709.00569,math.AT
1709.00978,math.AG
1709.01049,math.AC
1709.02149,math.DG
1709.05092,math.DS
1709.06650,cs.DM
1709.06736,math.CO
1709.06839,math.AT
1709.07343,math.AG
1709.09646,math.FA
1710.00303,math.KT
1710.00795,math.CA
1710.00877,math.FA
1710.01195,math.NT
1710.01459,math.SG
1710.01469,math.RA
1710.01722,gr-qc
1710.01848,math.NT
1710.02409,math.OA
1710.04732,math.DS
1710.06145,math.NT
1710.07953,math.FA
1710.08084,math.MG
1710.08475,math.OA
1710.09395,quant-ph
1710.10644,math.PR
1710.11053,math.CA
1711.00259,math-ph
1711.00723,math.PR
1711.00836,math.PR
1711.01085,cs.DS
1711.01089,math.FA
1711.01789,cs.DS
1711.02338,math.PR
1711.02590,math.PR
1711.04380,math.AG
1711.04720,math-ph
1711.04721,math.OA
1711.05293,math.GR
1711.05845,math.OA
1711.06950,math.NT
1711.07152,math.CO
1711.07465,cs.LG
1711.07944,gr-qc
1711.08958,math.CO
1711.10706,math.AG
1711.11497,math.OC
1712.00383,math.AG
1712.02305,math-ph
1712.02668,gr-qc
1712.02839,math.DG
1712.02948,math.DG
1712.03620,math.CO
1712.03676,math.PR
1712.03722,math.KT
1712.04931,math.QA
1712.05088,math.AG
1712.06727,math.GR
1712.07504,cs.DS
1712.08182,math.AT
1712.09463,math.OA
1712.09910,math.GT
1801.00422,math.NT
1801.02893,math.CO
1801.03165,math.NT
1801.03192,math.AG
1801.03828,math.PR
1801.04960,math-ph
1801.05106,math.CA
1801.05542,quant-ph
1801.05753,math.AG
1801.08915,quant-ph
1801.09113,math.MG
1801.09537,math.CV
1801.09600,math.FA
1802.00226,math.DG
1802.00350,math.CA
1802.02463,math.AP
1802.03035,math.AC
1802.04176,math.PR
1802.04312,math.CA
1802.05002,math.AG
1802.07932,cs.SC
1802.08433,math.PR
1802.08856,math.NT
1802.08876,cs.DS
1802.08964,math.NT
1802.09094,math.CA
1802.09658,math.AG
1802.10186,math.CA
1802.10202,math.AG
1803.00470,quant-ph
1803.01174,math.GR
1803.01720,math.CA
1803.02671,math.GR
1803.02823,math.NT
1803.03495,math.AP
1803.04273,math.DG
1803.04756,cs.GT
1803.09687,math.MG
1803.10897,math.KT
1804.02210,math.GT
1804.02385,math.CO
1804.04699,math.PR
1804.05706,math.OA
1804.06566,math.AP
1804.07286,math.PR
1804.08662,cs.CC
1804.09229,math.RT
1804.09801,math.RT
1804.09922,math.NT
1804.10191,math.PR
1805.00156,math.CT
1805.00157,math.CO
1805.01273,math.CO
1805.01600,math.AG
1805.02015,math.RT
1805.02775,math.CA
1805.03393,math.AG
1805.07988,math.DG
1805.09204,math.PR
1805.11558,math.AG
1805.12181,math.CO
1805.12231,math.RT
1805.12469,quant-ph
1806.01234,math.AG
1806.01732,math.LO
1806.01838,quant-ph
1806.02118,math.PR
1806.05346,math.AG
1806.08284,math.AG
1806.08452,math.PR
1806.10411,math-ph
1806.11013,cond-mat.dis-nn
1807.00891,math.ST
1807.00929,cs.DS
1807.01072,math.PR
1807.01266,quant-ph
1807.01536,math.QA
1807.02721,math.NT
1807.02890,math.AG
1807.04030,math.AG
1807.04707,math-ph
1807.04847,math.AG
1807.05549,math.RT
1807.05757,math.KT
1807.06376,math.CO
1807.07511,math.PR
1807.07515,math.PR
1808.00438,math.AG
1808.02336,math.PR
1808.03440,math.PR
1808.04017,math.DG
1808.05559,math.KT
1808.06091,math.CO
1808.06106,math.SG
1808.06293,math.CO
1808.06838,math.PR
1808.07722,math.AT
1808.07890,math.PR
1808.08940,math.PR
1808.09346,math.CA
1809.02011,math.PR
1809.02376,math.MG
1809.02500,math.AG
1809.02518,math.NT
1809.04588,math.DG
1809.06909,math.DG
1809.07200,math.CA
1809.07742,math.PR
1809.07923,math.CT
1809.08152,math.RT
1809.08669,cs.DS
1809.08762,math.GR
1809.09041,math.AP
1809.09386,math.GR
1809.11112,math.PR
1810.00747,math.QA
1810.00765,math.CO
1810.02116,math.GT
1810.03131,math.AG
1810.03434,math.AG
1810.03656,math.PR
1810.04206,math.MG
1810.04768,math.AG
1810.05592,math.PR
1810.08905,math.CA
1810.09010,math.NA
1810.09277,math.AP
1810.10843,math.PR
1810.11863,cs.DS
1810.12135,math.GR
1810.12250,math.AT
1810.12733,math.CV
1811.00514,math.PR
1811.00718,math.CO
1811.01265,math.FA
1811.01696,math.CO
1811.01816,cs.DS
1811.02468,math.AG
1811.03644,math.AG
1811.04043,math.OA
1811.04914,math.AP
1811.07784,math.NT
1811.07865,math.AG
1811.08748,math.GT
1811.10253,math.OA
1811.12137,math.RT
1811.12230,math.AG
1811.12834,math-ph
1812.02452,math.CT
1812.03024,math.LO
1812.03445,math.CO
1812.03913,math.PR
1812.05006,math.DS
1812.05066,math.PR
1812.06243,cs.DS
1812.06819,math.AG
1812.07261,math.AG
1812.09748,math.AG
1812.10673,math.AG
1812.10897,math.PR
1812.11616,math.AP
1812.11701,math.CA
1812.11897,math.AP
1901.00378,math.CO
1901.02544,math.DS
1901.04354,math.NT
1901.05263,math.DG
1901.05853,math.OA
1901.06369,math.DG
1901.06704,math.GR
1901.06860,math.PR
1901.07166,math.NT
1901.09004,math.AT
1901.10363,math.PR
1901.11363,math-ph
1901.11441,math.OA
1902.00501,gr-qc
1902.00989,math.CA
1902.02282,math.DG
1902.05438,math.MG
1902.08184,math.AG
1902.08817,math.GM
1902.08971,math.MG
1902.10440,math.AG
1902.10483,math.NT
1902.10801,math.DG
1902.10923,math.AG
1903.00632,math.PR
1903.03661,math.AG
1903.06081,math.PR
1903.06600,math.CO
1903.07734,math.RT
1903.08787,math.AG
1903.09120,math.PR
1903.09439,math-ph
1903.10048,quant-ph
1903.11973,math.NT
1904.00846,math.GT
1904.05804,math.PR
1904.06164,math-ph
1904.07526,math-ph
1904.07576,math.QA
1904.08021,math.PR
1904.08544,cs.LG
1904.08881,math.AT
1904.09642,math.AG
1904.10185,math.AG
1904.10427,math.MG
1904.10741,math.GR
1904.10765,math.MG
1904.10897,math.OA
1904.11639,math.AG
1904.12334,cs.DS
1904.13055,math.DS
1905.00087,math.DG
1905.00143,math.AG
1905.00297,math.AG
1905.00379,math.PR
1905.00380,math.PR
1905.00383,math.PR
1905.00384,math.PR
1905.00852,math.PR
1905.01936,math.AG
1905.03031,math.PR
1905.03208,math.OA
1905.03866,math.AP
1905.04038,math.PR
1905.05576,math.AG
1905.07730,math.KT
1905.07932,math.CV
1905.07973,math-ph
1905.08229,math.AG
1905.09138,cond-mat.str-el
1905.09756,math.CO
1905.10081,math.OA
1905.11337,quant-ph
1905.11495,math.AG
1905.11790,math.PR
1905.13207,math.PR
1906.00860,math.AP
1906.02066,math.OA
1906.05843,math.AG
1906.06773,math.GT
1906.07058,math.GR
1906.08518,math.CV
1906.09169,math.LO
1906.09186,math.FA
1906.11656,math-ph
1906.12256,math.PR
1907.00094,math.QA
1907.00847,math.CO
1907.01114,math.AG
1907.02614,math.MG
1907.03204,math.RT
1907.06705,math.AG
1907.07314,math.DG
1907.09076,math.AG
1907.09326,math.AG
1907.09445,math.DG
1907.09446,math.DG
1907.11342,math.CA
1907.11795,math.GR
1907.12683,math.CO
1907.12854,cs.CC
1908.03549,math.AC
1908.05302,math.AT
1908.05420,math.AG
1908.05937,math.PR
1908.06044,math.CO
1908.06174,math.NT
1908.07812,math.GR
1908.08613,math.NT
1908.09714,math-ph
1908.09814,math.DG
1908.10612,math.DG
1908.11124,math.AG
1908.11772,math.AG
1909.01271,math.NT
1909.01461,math.CO
1909.03729,math.DG
1909.04343,math.DS
1909.05048,math.GT
1909.07351,math.PR
1909.08322,math.AG
1909.08777,math.CA
1909.11885,math.AG
1909.12960,math.DG
1910.02854,gr-qc
1910.03563,math.KT
1910.04623,math.DS
1910.04713,math.PR
1910.05288,math.CV
1910.06504,math.OA
1910.06923,math.OA
1910.08001,math.GT
1910.08187,quant-ph
1910.08205,math.NT
1910.08209,math.NT
1910.08257,math-ph
1910.08455,math.AT
1910.09378,math.CO
1910.12915,math.RT
1910.13226,math.QA
1910.14482,math.PR
1910.14653,math.OA
1911.00065,math.CA
1911.01061,math.CO
1911.01963,math.DS
1911.04355,math.PR
1911.05618,math.NT
1911.06435,math.AG
1911.07124,cs.DS
1911.07945,cs.DS
1911.08213,math.AG
1911.10579,cs.DM
1911.11457,math.AP
1911.12895,math.AG
1912.00670,cs.DM
1912.02360,math.DG
1912.03274,math.RT
1912.04207,math.OA
1912.04500,math.CO
1912.04524,cs.CC
1912.06345,math.NT
1912.07262,math.GR
1912.08076,math.CV
1912.10246,math.LO
1912.12561,quant-ph
1912.12947,math.RT
2001.00904,math.PR
2001.01332,math.DS
2001.02138,math.AT
2001.02395,math.CA
2001.03095,math.QA
2001.04132,math.CO
2001.06124,math.KT
2001.07911,math.MG
2001.11755,math.DG
2002.00415,math.DG
2002.01248,math.CO
2002.01395,math.RT
2002.01534,math.DG
2002.02677,math.DG
2002.02727,math.AC
2002.02916,math.PR
2002.04767,math.NT
2002.05698,math.PR
2002.11928,math.AG
2002.12239,math.FA
2003.00890,math.DS
2003.05535,math.CV
2003.06130,math.FA
2003.06242,math.DG
2003.06384,math.GR
2003.06728,math.CV
2003.07762,math.DG
2003.10105,math.CT
2003.10320,math.PR
2003.10499,math.RT
2003.10935,cs.LO
2003.12219,math.RT
2003.14361,math.CO
2004.00311,math.AP
2004.01679,math.PR
2004.02383,math.OA
2004.03131,math.PR
2004.04992,math-ph
2004.05337,math.PR
2004.05929,math.NT
2004.10367,math.CO
2004.14250,math.FA
2004.14872,math.AG
2004.14998,math.RT
2004.15009,quant-ph
2004.15025,math.PR
2005.00566,math.CO
2005.01025,math.AG
2005.02338,math.AC
2005.02658,math.GR
2005.06130,math.AP
2005.07678,cs.DS
2005.08303,math.AG
2005.09690,math.AG
2005.11896,math.GR
2005.12169,quant-ph
2006.00132,math.OA
2006.00340,math.NT
2006.00570,math.PR
2006.00657,math.CO
2006.04458,math-ph
2006.05209,math.GT
2006.05269,math.NT
2006.06285,math.CO
2006.06765,math.GT
2006.06833,math.CA
2006.06886,math.LO
2006.09285,math.AP
2006.09969,cs.CC
2006.11238,math.AG
2006.13767,math.PR
2006.13837,math.RT
2006.15569,math.CA
2007.00593,math.DG
2007.03399,math.GT
2007.03528,math.NT
2007.04597,math.CV
2007.06458,math.AG
2007.08200,math.PR
2007.12049,gr-qc
2007.14320,math.AG
2007.14707,math.PR
2007.14954,math.DG
2007.15467,math.AC
2008.00838,math.CV
2008.00857,math.DS
2008.02571,math.NT
2008.04963,math.AT
2008.07003,quant-ph
2008.07470,quant-ph
2008.07987,math.CO
2008.10140,math.CA
2008.10223,cs.CC
2008.10235,math.OA
2008.10403,math.AP
2008.10661,math.AG
2008.11197,math.PR
2008.11888,math.DG
2008.12386,cs.DS
2008.12847,math.NT
2008.13043,math.CA
2008.13168,math.SG
2009.00992,math-ph
2009.01802,cs.DS
2009.03296,math.PR
2009.05332,math.DG
2009.05924,math.AG
2009.07239,math.CO
2009.07953,math.CA
2009.07956,math.DG
2009.08053,math.AG
2009.08762,math.AP
2009.09260,math.DS
2009.09350,math.GR
2009.11373,math.FA
2009.11738,math.RT
2009.11964,math.KT
2009.12131,math-ph
2009.13045,math.OA
2009.14504,math.NT
2010.01022,math.DS
2010.01906,math.AG
2010.03106,cs.DS
2010.03254,math.CA
2010.04888,math.AP
2010.05999,math.CO
2010.06554,math.PR
2010.06691,math.PR
2010.07995,math.AG
2010.08288,cs.LO
2010.08576,cs.DS
2010.08857,math.AG
2010.09069,math.NT
2010.09114,math.PR
2010.09518,math.AT
2010.12629,quant-ph
2010.12661,math.CO
2010.12665,math.CO
2010.13882,math-ph
2011.00309,math-ph
2011.00469,math.AG
2011.01633,math.DG
2011.02011,math.AT
2011.02236,math.AG
2011.03809,quant-ph
2011.04618,math.PR
2011.04861,math.GR
2011.05063,math.AP
2011.08383,math.DG
2011.10207,math.AG
2011.11379,math.DG
2011.12332,math.AG
2011.13266,math.NT
2011.13456,cs.LG
2011.13661,math.PR
2012.00441,math.AG
2012.00864,math.AT
2012.02693,math.GR
2012.02844,cs.DS
2012.03813,math.AP
2012.05984,math.NT
2012.06278,math.AG
2012.07665,math.AG
2012.07951,math.KT
2012.09484,math.PR
2012.11672,math.PR
2012.11675,math-ph
2012.12478,math.DG
2012.12828,math.DS
2012.12952,math.MG
2012.13750,math.PR
2012.14041,math.DG
2012.14422,math.NT
2012.15296,math.AG
2101.00806,math.AG
2101.00811,math.NT
2101.05139,math.PR
2101.05686,quant-ph
2101.06222,math-ph
2101.09759,math.AG
2101.12324,math.PR
2102.00886,hep-th
2102.00963,math.PR
2102.02496,math.DG
2102.02653,math.PR
2102.02708,cs.DS
2102.03384,math.NT
2102.04752,math.AG
2102.05163,math.PR
2102.05597,math.PR
2102.06450,math.AP
2102.07906,math.AG
2102.08753,math.NT
2102.10617,math.KT
2102.11808,math.NT
2102.11818,math.GR
2102.13069,math.PR
2102.13459,math.RT
2103.00904,math.NT
2103.01507,math.SG
2103.02492,quant-ph
2103.02744,math.DG
2103.03983,math.AG
2103.04604,math.CO
2103.04649,math.PR
2103.05934,math.FA
2103.06853,math.NT
2103.07747,math.DG
2103.08683,cs.DS
2103.09795,math.NT
2103.09945,math.NT
2103.10263,math-ph
2103.13075,math.MG
2103.16475,math-ph
2103.17167,math.DS
2104.04356,math.AP
2104.07599,math.CO
2104.08948,math.RT
2104.09413,math.CO
2104.10140,math.AC
2104.10494,math.FA
2104.11047,math.AP
2104.11188,math.CA
2104.11857,math.AP
2104.14518,math.RT
2105.02797,math.PR
2105.06866,quant-ph
2105.10386,cs.DM
2105.12318,math.AG
2105.12625,math.DG
2105.13069,math.AG
2105.13193,math.DG
2105.13587,math.NT
2105.13590,math.AG
2105.14308,math.AG
2106.03338,math.CA
2106.04105,cs.DS
2106.04768,math.AG
2106.05224,math.SP
2106.05775,math.DG
2106.06400,math.PR
2106.08270,math.NT
2106.11088,math.PR
2106.11428,math.ST
2106.14759,math.AC
2107.02372,math.RT
2107.02449,gr-qc
2107.03124,math.DG
2107.03152,math.AG
2107.05353,math.AG
2107.08911,math.GR
2107.09243,math.PR
2107.12985,math.PR
2108.00993,math.AG
2108.01633,math.CO
2108.02288,math.CO
2108.02486,math.AT
2108.04929,math.GR
2108.06599,math.CO
2108.07531,math.DG
2108.07902,math.CO
2108.09115,cs.DS
2108.10041,math.AG
2108.10303,math.CO
2108.10794,math-ph
2108.10910,math.AC
2108.11424,math.PR
2108.11972,math.DG
2108.12022,math-ph
2108.12067,math.PR
2108.12405,math.NT
2109.00275,math.PR
2109.00709,cs.IT
2109.00871,math.FA
2109.00935,math.AG
2109.01059,math.AT
2109.01617,math.PR
2109.06009,math.PR
2109.06766,math.AG
2109.07463,math.NT
2109.07534,math.DG
2109.07891,math.GR
2109.07917,math.NT
2109.12344,math.NT
2109.13323,math.AG
2110.00177,math.PR
2110.01638,math.NT
2110.03669,math.AT
2110.07346,cs.GT
2110.08397,math.AT
2110.09372,math-ph
2110.09403,math.CO
2110.09465,math-ph
2110.09498,math.PR
2110.10543,math.AG
2110.10592,math.SG
2110.10683,math.NT
2110.10725,cs.CC
2110.12206,math-ph
2110.12431,math.GR
2110.12967,math.AP
2110.14206,quant-ph
2110.15824,cs.LG
2111.01000,math.CT
2111.01603,math.PR
2111.01738,math.AG
2111.01770,math.AT
2111.03174,cs.DS
2111.03559,math.AP
2111.04808,cs.IT
2111.05698,math.OC
2111.06813,math.PR
2111.07049,cs.DS
2111.07930,math.AG
2112.01331,math.GR
2112.06726,math.AG
2112.08241,math.AG
2112.09044,math.CA
2112.09849,math.AC
2112.12036,math.OA
2112.13466,math.DG
2112.13764,math-ph
2112.14463,math.AG
2201.01202,math.AG
2201.01885,math.NT
2201.04514,math.AP
2201.06591,math.GR
2201.06646,math.AG
2201.06748,math.AG
2201.08152,math.AG
2201.09397,math.RT
2201.11315,math.AG
2201.13044,math.GR
2202.01295,math.AG
2202.02286,math.PR
2202.02287,math.PR
2202.06500,math.DG
2202.09429,math.MG
2202.09760,physics.chem-ph
2202.09934,math.RT
2202.11324,math.GR
2202.11477,math.AG
2202.11641,math.CO
2202.12198,math.GR
2202.13259,math.OC
2202.13420,math.DG
2202.13814,math.AG
2203.00671,cs.DS
2203.01199,math.AP
2203.01768,math.NT
2203.03486,math.NT
2203.03935,math.PR
2203.04163,math.PR
2203.05093,math.PR
2203.09455,math.AT
2203.09778,math.AG
2203.14418,math.DG
2203.14528,math.FA
2203.15531,math.DG
2203.15551,math.FA
2203.15731,math.MG
2204.02332,math.PR
2204.03469,math.PR
2204.05142,math.GR
2204.05874,cs.DS
2204.06401,math.AP
2204.07007,math.AG
2204.08051,math.CA
2204.09026,math.AG
2204.10309,math.PR
2204.10625,math.AG
2204.11363,math.AG
2204.12720,math.CA
2204.13674,math.NT
2204.14080,math.GR
2205.00398,math.AP
2205.04110,math.AP
2205.04240,quant-ph
2205.05074,math.PR
2205.10253,math.PR
2205.10915,math.AG
2205.12205,math.AG
2205.14003,cs.LO
2205.14801,math.AG
2205.14808,math.AP
2205.15901,math.PR
2206.00186,math.CO
2206.06188,math.FA
2206.09874,math.NT
2206.10321,math.CO
2206.11729,math.NT
2206.11931,math.AP
2206.12557,math.NT
2207.02319,math.PR
2207.02510,quant-ph
2207.02804,math.RT
2207.02955,math.RT
2207.03979,math.LO
2207.05143,math.NT
2207.05150,cs.DS
2207.05412,math.AG
2207.05674,math.NT
2207.06528,math.GR
2207.07389,math.AG
2207.10029,math.DG
2207.11489,cs.IT
2207.11861,math.CO
2207.12952,math.AP
2208.02637,math.CA
2208.06338,math.NT
2208.07195,math.NT
2208.07343,math.NT
2208.07752,gr-qc
2208.08360,math.AP
2208.09550,math.PR
2208.09857,math.CO
2208.11576,math.PR
2208.12626,math.CO
2208.13356,math.NT
2208.14568,math.CO
2209.00348,math.CA
2209.00604,math.AG
2209.01234,gr-qc
2209.02300,math.GR
2209.03326,math.CO
2209.03411,math.DG
2209.04046,math.AC
2209.04243,math.CO
2209.05429,math.AG
2209.05971,math.RT
2209.06366,math.NT
2209.06683,math.PR
2209.08087,math.GR
2209.08599,math.SG
2209.08732,math.AG
2209.11216,math.PR
2209.15149,cs.CC
2210.00571,cs.CC
2210.01678,math.NT
2210.01731,math.AG
2210.02825,math.AG
2210.03878,math.CA
2210.04654,math.DG
2210.05166,math.AG
2210.05851,math.CA
2210.07869,cs.LO
2210.09127,math.DG
2210.09581,math.CA
2210.09663,gr-qc
2210.10173,cs.DS
2210.10730,math.NT
2210.12237,math.DG
2210.13395,cs.DS
2210.16758,math.RT
2211.03967,math.CO
2211.04371,math.GR
2211.04394,math.RT
2211.05282,math.RT
2211.05753,cs.DS
2211.06362,math.DG
2211.06459,cs.DS
2211.06754,math.AG
2211.06763,math.NT
2211.07140,math.CO
2211.07689,math.CO
2211.07691,cs.CC
2211.09641,math.NT
2211.10800,math.AG
2211.14365,math.PR
2211.14367,math.PR
2211.14665,math.KT
2211.15169,math.CV
2211.15609,math.PR
2211.15847,math.CO
2211.17227,math.AG
2212.02445,math.PR
2212.03362,math.PR
2212.04039,math.AG
2212.06315,cs.DS
2212.06767,math.PR
2212.13862,math.AG
2212.14636,math.PR
2301.00476,math.GR
2301.01564,math.AP
2301.02570,math.GR
2301.04064,math.QA
2301.04813,math.AG
2301.06905,math.PR
2301.07134,cs.DS
2301.07345,cs.AI
2301.09186,math.AG
2301.10199,math.CA
2301.10509,math.NT
2301.11232,math.AG
2301.12846,math.OA
2301.13167,math.LO
2302.05426,cs.CC
2302.05537,math.NT
2302.07211,math.NT
2302.08346,math.CO
2302.08916,gr-qc
2302.09811,math.GR
2302.11500,math.GR
2303.00993,math.AG
2303.02022,math.AT
2303.02301,math.LO
2303.03345,math.NT
2303.08797,cs.LG
2303.10754,math-ph
2303.13728,math.GR
2303.14097,math.QA
2303.14477,math.AP
2303.14721,math.RT
2303.14938,math.FA
2303.15613,math.AT
2303.16413,cs.CC
2303.16864,math.NT
2303.17186,math.CO
2304.00672,math.AG
2304.02078,math.AP
2304.02405,math-ph
2304.02519,math.AG
2304.02599,math.ST
2304.03150,math.PR
2304.03970,math.NT
2304.05344,math.NT
2304.07674,cs.DS
2304.09307,math.GR
2304.09332,gr-qc
2304.10161,math.AG
2304.10163,math.CO
2304.12498,math.GR
2304.14457,math.AT
2305.00524,math.AG
2305.07574,math.AG
2305.08168,math.LO
2305.09213,math.DG
2305.13270,math.FA
2305.14217,math.OA
2305.15493,math.NT
2305.18131,math.AG
2305.18253,math.CO
2305.18770,math.AG
2305.18959,math-ph
2305.19109,math.AG
2305.19646,math.LO
2306.00671,math.AG
2306.01326,math.AG
2306.01527,math.PR
2306.03070,math.AG
2306.04007,math.CO
2306.09102,math.NT
2306.09745,math.CT
2306.11708,math.AG
2306.11856,math.QA
2306.12933,math.MG
2306.12997,math.FA
2306.13017,math.CA
2306.13463,math.NT
2306.15120,math.PR
2306.16266,math.CA
2306.16356,math.GR
2307.01356,math.CO
2307.03696,math.AG
2307.03938,math.AG
2307.05407,math.PR
2307.06944,math.NT
2307.07970,cs.DS
2307.08901,math.CO
2307.09470,cs.GT
2307.13555,math.AG
2307.15822,math.CA
2307.15909,math.AG
2307.16657,math.AG
2307.16755,math.AG
2308.01873,math.AT
2308.02472,cs.CC
2308.04044,math.DG
2308.06572,quant-ph
2308.08819,math.CA
2308.10102,math.CO
2308.10706,math.CA
2308.10715,math.PR
2308.11835,math.PR
2308.11970,cs.DM
2308.13160,math.AG
2308.14660,math.AP
2308.14964,math.GR
2308.14993,cs.IT
2308.15163,math.OA
2309.01840,math.PR
2309.02353,math.NT
2309.02587,math.AG
2309.03068,math.CA
2309.04097,math.CA
2309.04103,math.CA
2309.04636,math.DG
2309.06224,math.GR
2309.08786,math.OA
2309.09348,math.AP
2309.09504,math.CO
2309.10466,math.AT
2309.14188,math.OA
2309.14218,math.AG
2309.15647,cs.CC
2309.16629,cs.DS
2309.16722,math.AG
2309.17412,math.OA
2310.03257,math.MG
2310.04130,cs.DS
2310.05042,math.AP
2310.05448,math-ph
2310.07536,math.MG
2310.09643,math.LO
2310.11981,math.AG
2310.16952,math.GM
2310.17299,math.PR
2310.17459,math.AT
2310.17965,math.GT
2310.19028,quant-ph
2310.19357,math.NT
2310.20594,math.OA
2310.20678,math.NT
2311.01958,math.NT
2311.06402,cs.DS
2311.08571,math.PR
2311.08976,math.PR
2311.08980,math.PR
2311.09572,quant-ph
2311.09631,quant-ph
2311.10069,math.CO
2311.10082,math.AP
2311.10226,math.DG
2311.14236,cs.DS
2311.15300,math.NT
2311.17830,math.AT
2311.18295,cs.DS
2312.01319,math.CA
2312.01759,cs.DS
2312.02106,math.DG
2312.02623,math.RT
2312.04015,math.AG
2312.05240,math.GR
2312.05650,math.DS
2312.05816,math.DG
2312.06840,math.CV
2312.10772,math.NT
2312.12214,math.AP
2312.15147,math.AG
2312.16090,math.NT
2312.16939,math.DG
2401.00279,math.DG
2401.00784,math-ph
2401.00831,math.FA
2401.06053,math.OA
2401.07147,cs.LO
2401.07983,math.DG
2401.08485,math.CV
2401.09544,math.AG
2401.10223,cond-mat.dis-nn
2401.12397,math.PR
2401.13819,cs.DS
2401.13906,math.AG
2402.00960,math.AT
2402.03975,cs.GT
2402.04595,math.AG
2402.10919,math.GR
2402.11531,cs.CC
2402.11884,math.NT
2402.12506,math.DS
2402.12781,math.NT
2402.13170,cs.CC
2402.16808,math.RT
2402.17994,math.CO
2402.17995,math.CO
2403.01154,math.AG
2403.07195,math.SG
2403.09800,math-ph
2403.10448,math.GT
2403.11007,math.AG
2403.15572,math.AT
2403.17397,math.AG
2403.18758,math.GR
2403.19683,math.SG
2403.20178,math.CV
2404.01890,math.SP
2404.02209,math.DS
2404.02855,math.PR
2404.05124,math.AG
2404.06164,math.AG
2404.07441,cs.CC
2404.10958,math.CA
2404.11393,math.GR
2404.12375,math-ph
2404.12380,math.OA
2404.13247,math.DG
2404.13927,math.AG
2404.15016,math.DG
2404.15123,math.NT
2404.16349,cs.DS
2404.16450,math.NT
2404.17572,math.AC
2404.18442,hep-th
2404.18902,math.PR
2405.00270,math.NT
2405.03124,math.DS
2405.03599,math.AG
2405.03648,math.AG
2405.07205,math.AG
2405.10003,math.AG
2405.12249,gr-qc
2405.13033,math.NT
2405.13782,math.CV
2405.16513,math.SG
2405.16603,math.OA
2405.18268,math.AG
2405.18287,math.RA
2405.18354,math.GR
2405.19506,math.RT
2405.20552,math.NT
2405.20999,math.DS
2406.00357,cs.DS
2406.01324,math.FA
2406.01459,math.CO
2406.02970,math.PR
2406.05550,math.AG
2406.07406,math.MG
2406.08674,math.PR
2406.09432,math.GR
2406.10516,math.AG
2406.10748,math.CO
2406.11052,math.OA
2406.11225,cs.DS
2406.11656,math.AG
2406.12799,cs.DS
2406.13771,math.MG
2406.14667,math.GT
2406.15670,math-ph
2406.16597,math.AP
2406.18233,math.AG
2406.19198,math.NT
2407.02256,math.AG
2407.02995,math.DS
2407.03149,math.GR
2407.06353,math.RT
2407.09210,math.AG
2407.16104,math.PR
2407.17041,cond-mat.stat-mech
2407.18006,cs.CC
2407.20851,math.CV
2408.02151,math.CO
2408.05338,cs.CG
2408.05673,math.GR
2408.06250,math.AG
2408.07818,math.AP
2408.12923,math-ph
2408.14222,math-ph
2408.15090,math.AG
2408.15403,math.NT
2408.16441,math.AG
2408.17219,math.PR
2409.00233,math.RT
2409.01350,math.NT
2409.01360,math.NT
2409.02234,math.AG
2409.03235,math.PR
2409.04677,math.RT
2409.05920,math.CO
2409.07051,math.AG
2409.07658,math.CO
2409.07923,math.AG
2409.08632,math-ph
2409.08670,math.AG
2409.09142,math.AG
2409.09856,math.AG
2409.10619,cond-mat.str-el
2409.11197,math.DS
2409.14182,math.AP
2409.14651,math.SG
2409.15074,math.CV
2409.16474,math.AG
2409.16547,math.PR
2409.18838,gr-qc
2409.19981,math.AG
2410.00882,cs.CC
2410.03048,math.NT
2410.03639,gr-qc
2410.04532,math.AP
2410.05480,math.AP
2410.06499,quant-ph
2410.08200,math.AG
2410.08933,math.CT
2410.09877,cs.DS
2410.10147,math.PR
2410.10692,math.AG
2410.11117,math.DS
2410.12758,math.CO
2410.13504,math.NT
2410.13686,math.DS
2410.14662,quant-ph
2410.15599,math.PR
2410.15638,math.AG
2410.15791,math.CA
2410.16217,math.RT
2410.18372,math.AC
2410.20512,math.RT
2410.21226,math.CO
2410.21248,math.GT
2410.21931,math.MG
2410.23241,math.NT
2410.23997,quant-ph
2411.00968,math.AT
2411.02819,math.CO
2411.03680,quant-ph
2411.04347,math.RT
2411.04908,math.AP
2411.07129,math.AG
2411.07234,math.DS
2411.08806,math.AG
2411.08871,math.CA
2411.09478,math.DS
2411.13828,math.GT
2411.17448,math.NT
2411.18457,math.CA
2412.00229,math.RT
2412.00674,cs.DS
2412.00917,math.CO
2412.01768,math.NT
2412.03369,math.SP
2412.03540,math.CO
2412.06812,math.NT
2412.07650,math.AG
2412.08964,math.PR
2412.09075,math.MG
2412.10879,math.AT
2412.12195,math.GR
2412.13326,math.RT
2412.15039,math.CO
2412.15044,math.MG
2412.15895,math.PR
2412.15919,math.RT
2412.17115,cs.DS
2412.17140,math.HO
2412.18361,math.DG
2412.19769,math.AG
2412.20234,math.CO
2412.20263,math.PR
2412.20968,math.AG
2501.01574,math-ph
2501.02315,math.AG
2501.07646,math.GR
2501.12509,math.GT
2501.12742,math.CA
2501.13651,math.AG
2501.14156,math.RT
2501.14157,math.RT
2501.18088,math.AG
2501.18248,math.GR
2501.18306,math.GR
2502.01336,math.FA
2502.01958,math.CO
2502.03415,math.AG
2502.03474,math.GM
2502.05973,math.AP
2502.08812,math.AP
2502.08897,math.PR
2502.10019,cs.IT
2502.11847,math.AG
2502.17655,math.CA
2502.17779,cs.CC
2502.20028,math.CV
2502.21155,math.AG
2503.00649,math.AP
2503.00696,math.AG
2503.04348,math.GT
2503.05272,math.SG
2503.08832,math.CT
2503.08949,math.PR
2503.08958,math.PR
2503.09570,math.DG
2503.10972,cs.DS
2503.11574,math.CA
2503.12735,math.RT
2503.12742,math.OA
2503.13005,math.FA
2503.14752,math.CO
2503.15939,math.DG
2503.17127,math.AG
2503.17619,math.NT
2503.18036,math-ph
2503.21245,math.AP
2503.21882,math.GR
2503.22848,cs.CC
2504.00269,math.PR
2504.02206,quant-ph
2504.02740,cs.DS
2504.03314,math-ph
2504.03605,cs.DM
2504.04109,math.AG
2504.05064,math.CO
2504.05823,math.CO
2504.06433,quant-ph
2504.06936,math.CO
2504.07482,math.RT
2504.07770,math.CO
2504.09123,math.CO
2504.10641,math.DG
2504.13607,math.AG
2504.15868,math.AG
2504.16565,math.NT
2504.18487,math-ph
2504.21499,math.CA
2505.02165,math.NT
2505.03235,math.QA
2505.05250,math.AG
2505.05339,math.CO
2505.06590,math.CO
2505.07572,math.SG
2505.07632,math.AG
2505.07929,quant-ph
2505.09465,math.MG
2505.12515,math.SG
2505.16907,math.AT
2505.21782,math.CO
2506.02319,math.GR
2506.03465,math.NT
2506.04882,math.MG
2506.06110,math.SG
2506.06468,math-ph
2506.08684,math.FA
2506.09166,math.AC
2506.10108,math.GT
2506.10902,math.OA
2506.17420,math.AG
2506.18174,math.AT
2506.21183,gr-qc
2506.21286,math.CO
2506.22181,math.DG
2506.23062,math.PR
2506.23218,math.AG
2507.00167,math.AG
2507.00321,physics.chem-ph
2507.00515,math.CO
2507.00973,math.AG
2507.02155,math.AT
2507.02722,math.RT
2507.02854,math.AP
2507.04191,math.SG
2507.05835,math.DS
2507.06220,math.CO
2507.07696,math.DG
2507.09507,cs.DS
2507.10157,math.AT
2507.11248,math.AP
2507.11259,math.AP
2507.11337,math.KT
2507.12099,math.FA
2507.13269,math.PR
2507.13500,math.NT
2507.16261,math.OA
2507.17631,math.NT
2507.18394,math.AG
2507.18814,math-ph
2507.20735,math.OA
2507.22783,math.OA
2508.00147,math.SG
2508.02237,math.AG
2508.03531,math.CO
2508.04135,math.AG
2508.05105,math.AG
2508.05517,math.DG
2508.06397,math.PR
2508.08081,math.QA
2508.08194,math.OA
2508.08932,math.GR
2508.12768,math.FA
2508.13594,math.AG
2508.14269,math.CO
2508.14634,math.AG
2508.16321,math.SP
2508.16878,cs.DS
2508.17049,math.PR
2508.19058,math.RT
2508.19215,math.AG
2508.19706,math.NT
2508.20629,math.AT
2508.20917,math.PR
2508.20970,hep-th
2509.00722,math.FA
2509.01116,math.CA
2509.01501,math.AG
2509.01901,math.CO
2509.02739,math.AP
2509.02841,math.CO
2509.03447,math.CV
2509.04179,math.CV
2509.04212,math.NT
2509.04990,math.RT
2509.05544,math.DG
2509.06226,math.RT
2509.06527,math.AC
2509.06914,math.GR
2509.07861,math.GR
2509.08325,math.GR
2509.08382,math.GR
2509.08928,math.PR
2509.08938,math.PR
2509.09003,math.DS
2509.12705,math.NT
2509.12823,math.GR
2509.14489,cs.DS
2509.15086,math.OA
2509.15390,math.SG
2509.16327,math.SG
2509.16433,math.CO
2509.17121,math.AG
2509.20948,math.AG
2509.21508,math.DG
2509.21587,math.SG
2509.22042,math.DS
2509.23201,math.DG
2509.23403,math.AG
2509.23428,math.AG
2509.24990,math.AG
2509.25101,math-ph
2509.26547,math.CA
2510.00290,math.AG
2510.00593,quant-ph
2510.01355,math.DG
2510.01936,math.CA
2510.02005,math.CO
2510.02698,math.AC
2510.03145,math.GR
2510.04156,math.NT
2510.05459,math.GR
2510.06613,math.AP
2510.07607,math.AG
2510.08862,math.NT
2510.09603,math.NT
2510.10178,math.GR
2510.10306,gr-qc
2510.11806,math.NT
2510.14302,math.DG
2510.14821,math.LO
2510.15677,math.CO
2510.16431,math.PR
2510.18128,math.DS
2510.18330,math.AP
2510.18351,math.CO
2510.19683,math.NT
2510.20493,math-ph
2510.24581,math.GR
2510.24675,math.OA
2510.24825,math-ph
2510.25685,math.CO
2511.01263,math.DG
2511.02864,cs.NE
2511.03353,math.MG
2511.03484,math.RT
2511.07373,math.CA
2511.07675,math.LO
2511.09764,math.LO
2511.10918,math.CA
2511.13422,gr-qc
2511.13564,math.CO
2511.16305,math.DG
2511.17191,math.CO
2511.21055,math.DG
2511.21288,math.AG
2511.21480,math.PR
2511.22621,math.PR
2511.22824,math.CA
2512.00817,math.FA
2512.01161,math.AT
2512.01401,math.CO
2512.01739,math.NT
2512.01923,math.KT
2512.02724,cs.CC
2512.04614,cs.DS
2512.05429,math.AG
2512.09219,math.PR
2512.09330,math.CV
2512.09397,math.CA
2512.09598,math.CO
2512.12451,math.AG
2512.13312,math.NT
2512.14207,math.AG
2512.14643,quant-ph
2512.16486,math.PR
2512.17261,math.OA
2512.18110,math.KT
2512.18919,math.AG
2512.20360,math.AG
2512.20392,math.CO
2512.22083,math.NT
2512.24990,math.CA
2512.25029,math.AG
2512.25050,math.DG
2601.01855,math.LO
2601.02616,math.AP
2601.03243,cs.CC
2601.04431,math.OA
2601.07793,math.CO
2601.09679,cs.IT
2601.12165,math-ph
2601.12267,math.AG
2601.13747,math.DG
2601.14411,math.CA
2601.14669,math.DG
2601.15035,math.DS
2601.15576,math.AG
2601.16966,math.AP
2601.18602,math.CO
2601.18794,math.DG
2601.19319,math.NT
2601.21133,math.DG
2601.22994,math.AG
2602.03626,math.NT
2602.04407,math.AP
2602.05886,math.PR
2602.05904,cs.DS
2602.06011,math.PR
2602.11078,math.PR
2602.12261,math.PR
2602.13821,math.CV
2602.15175,math.AC
2602.15427,math.AG
2602.17904,cs.CC
2602.17912,math.MG
2602.17982,math.GR
2602.17983,math.GR
2602.20462,math.CA
2602.24279,cs.FL
2603.03817,math.AG
2603.03863,math.MG
2603.04386,math.PR
2603.04518,math.AG
2603.04640,math.PR
2603.06268,math-ph
2603.06528,math.PR
2603.07555,cs.GT
2603.09719,math.GM
2603.13084,math-ph
2603.14539,math.AG
2603.15098,math.CV
2603.15328,math.CA
2603.16170,math.FA
2603.17911,gr-qc
2603.18974,math.DS
2603.20776,math-ph
2603.23879,math.CO
2603.23939,math.AG
2603.26423,math.OC
2603.26925,math.NT
2603.27045,math.NT
2603.27472,math.NT
2603.28007,math.SG
2603.29702,cs.DS
2604.01875,math.FA
2604.02793,quant-ph
2604.04877,gr-qc
2604.06046,cs.DS
2604.08095,cs.CC
2604.08473,math.DG
2604.11220,math.DG
2604.11832,math.FA
2604.12240,math.DS
2604.13355,cs.DS
2604.18480,math.RA
2604.18554,math.DG
2604.21122,math.NT
2604.22366,math.OC
2604.24206,math.OA
2604.24682,math.OA
2604.27276,cs.GT
2604.27890,math.AG
2604.28085,math.AG
2605.00516,math.AG
2605.00680,math.DG
2605.01334,math.AP
2605.07853,math.GR
2605.09251,math.NT
2605.09334,math.MG
2605.10908,math.PR
2605.11731,math.CV
2605.12403,math.DG
2605.12669,cs.DS
2605.16216,math.NT
2605.18730,gr-qc
2605.19713,math.AG
2605.20579,math.CO
2605.20695,math.CO
2605.21655,math.OA
2605.23014,math.NT
2605.24130,cs.DS
2605.24232,math.AP
2605.25833,math.AP
2605.25917,math.NT
2605.26504,math.DG
2605.28311,math.FA
2605.28473,math.PR
2605.28770,math.PR
2605.28793,math.CO
2606.00951,cs.GT
2606.01331,math.AP
2606.01511,math.DG
2606.02401,math.AG
2606.02541,math.CO
2606.03300,cond-mat.stat-mech
2606.08257,math.AP
2606.10247,math.AP
2606.10354,math.DG
2606.11776,math.CO
2606.12188,math.OA
2606.12257,math.SG
2606.12379,math.DG
2606.13472,math.CO
2606.13628,cs.CC
2606.15368,math.CO
2606.15432,math.PR
2606.15847,math.SG
2606.15970,cs.CC
2606.16004,math.PR
2606.16636,math.PR
2606.19806,math.DG
2606.20528,math.DG
2606.21699,math.PR
2606.22636,math.PR
2606.23037,math.MG
2606.23383,math.PR
2606.23636,math.OA
2606.25485,math.NT
2606.25775,math-ph
2606.26540,math.AP
2606.28253,gr-qc
2606.29135,math.DG
2606.29233,math.AP
2606.29585,math.RT
2606.30588,math.CO
2606.31649,math.NT
2607.01716,math.CO
2607.01744,math.NT
2607.02172,math.PR
2607.02249,math.AG
2607.03584,math.CA
2607.04073,cs.DS
2607.04536,math.AG
2607.04788,math.AG
2607.06334,cs.DS
2607.06698,math.AP
2607.06813,math.PR
2607.07528,math.AG
2607.07589,math.PR
2607.07617,math.PR
2607.08708,quant-ph
2607.10102,math.PR
2607.10574,math.CA
2607.10897,cs.GT
2607.11010,math.PR
2607.11244,math.FA
2607.11544,math.DG
2607.11756,math.PR
2607.13593,math.AG
2607.14685,math.AP
2607.15311,math.NT
2607.15947,quant-ph
2607.16032,math.NT
2607.16457,math.CA
2607.17882,math.AP
2607.18032,math.PR
2607.18778,math.SG
2607.18793,math.QA
2607.20035,math.AC
2607.20206,math.CA
2607.20273,math.GR
2607.20741,math.DG
2607.20752,math.CO
2607.21538,math.DG
2607.21727,math.GR
2607.23544,math.RT
2607.23817,math.OA
2607.24659,math.GR
2607.24711,math.RT
2607.24986,math.AG
2607.25838,quant-ph
2607.26478,quant-ph
2607.27500,math.AT
2607.28162,cs.IT
2607.28411,math.AG
2607.28429,math.MG
2607.28540,math.CT
2607.29447,math.DG
2608.00744,math.CA
2608.00851,cs.CC
2608.01325,math.CO
2608.01440,math.AP
2608.01616,cs.LG
2608.02327,math.OA
2608.03841,math.CA
2608.04117,math.FA
2608.04553,math.DG
2608.04691,math.SG
2608.05005,math.KT
2608.05022,cs.DS
2608.07186,math.NT
2608.07421,math.OA
2608.08193,math.DG
2608.08752,math.PR
2608.09649,math.CO
2608.09701,math.AC
2608.10102,math.AG
2608.10335,math.NT
2608.10865,math.CO
2608.10973,math.AG
2608.11183,math.CO
2608.11530,math.CO
2608.11736,math.CO
2608.12020,math.DG
2608.12052,math.RT
2608.13551,quant-ph
2608.13758,math.AP
2608.14155,math.PR
2608.14190,math.NT
2608.14454,math.CO
2608.14507,math.DG
2608.14526,math.PR
2608.14540,math.AG
2608.15813,math.AP
2608.16013,math.AG
2608.16021,math.DG
2608.16746,math.AG
2608.16884,cs.DS
2608.17281,math.AC
2608.17335,math.DG
2608.17429,cs.CC
2608.18053,quant-ph
2608.19183,math.CO
2608.19542,math.DS
2608.20588,math.AG
2608.20730,math.MG
2608.20824,math.CO
2608.21063,math.PR
2608.21144,math.DG
2608.22159,math.PR
2608.24392,math.CV
2608.24437,math.OA
2608.24474,math.NT
2608.25330,math.DG
2608.25362,math.PR
2608.25447,math.AG
2608.25506,math-ph
2608.26059,math.MG
2608.26599,cs.DM
2608.27346,math.CV
2608.28045,math.GR
2608.28711,math.CA
2608.28772,math.OA
2608.29047,math.CV
2608.29400,math.AG
2608.29870,math.AG
2608.30048,math.CA
2608.30131,math.OA
2609.00326,math.CV
2609.01079,math.MG
2609.01365,cs.DS
2609.01574,math.AG
2609.02718,math.AG
2609.04079,cs.DS
2609.04176,math.GM
2609.04456,math.AP
2609.04654,math.CO
2609.05153,quant-ph
2609.05167,gr-qc
2609.05669,math.AP
2609.06299,math.CA
2609.06759,math.AG
2609.06867,math.CO
2609.06905,math.ST
2609.06906,math.ST
2609.06987,math-ph
2609.07136,cs.GT
2609.07446,math.PR
2609.07789,math.PR
2609.08428,math.KT
2609.08495,math.MG
2609.08679,math.RT
2609.08749,math.FA
2609.08967,math.CO
2609.09103,math.PR
2609.09869,math.AG
2609.10478,math.SP
2609.10516,cs.DS
2609.11049,cs.DS
2609.11074,math.OA
2609.11189,math.CO
2609.11276,math.NT
2609.11462,math.OA
2609.11664,quant-ph
2609.12338,math.NT
2609.12589,math.AG
2609.12957,math.AG
2609.13138,cs.DS
2609.13400,math.AP
2609.13517,math.MG
2609.13793,cs.FL
2609.14281,math.CO
2609.14453,math.RT
2609.14482,math.CV
2609.14505,math.DG
2609.14555,cs.DS
2609.14621,quant-ph
2609.14681,math.CO
2609.14804,math.AG
2609.14873,cs.DS
2609.14893,math.NT
2609.15063,cs.CC
2609.15567,math.GR
2609.15589,math.AG
2609.15720,math.DG
2609.15949,math.AG
2609.15979,cs.DS
2609.16428,math.OA
2609.16923,cs.DS
2609.17093,math.DG
2609.17261,math.AP
2609.17266,cs.DS
2609.17364,cs.DS
2609.17408,quant-ph
2609.18171,math.CV
2609.18506,math.DG
2609.18670,math.AP
2609.19118,cs.DS
2609.19172,math.RT
2609.19979,math.AP
2609.20134,math.AP
2609.20517,math.DG
2609.20546,math.CO
2609.20647,math.DG
2609.20717,cs.DS
2609.20796,cs.DS
2609.21283,math.FA
2609.21680,math.AP
2609.22035,math.CA
2609.22380,math.GR
2609.22420,cond-mat.str-el
2609.23327,math.CO
2609.23337,math.DG
2609.23603,cs.CC
2609.23685,math.AP
2609.23822,math.DG
2609.23852,cs.DS
2609.23855,cs.DS
2609.24007,math.RA
2609.24142,math.AG
2609.24184,cs.IT
2609.24542,math.AG
2609.24774,math.GR
2609.24931,cs.DS
2609.25314,math-ph
2609.26222,math.PR
2609.26354,math.NT
2609.26444,cs.IT
2609.26504,math.CV
2609.26521,math.AG
2609.26528,math.CV
2609.26716,math.DG
2609.26732,math.AP
2609.26930,math.OA
2609.27172,math.CO
2609.28592,quant-ph
2609.30044,cs.DS
2609.30194,math.AP
2609.30421,cs.DS
2609.30803,math.DG
2609.30870,math.NT
2609.30921,math.NT
2609.32851,math.PR
2609.33626,math.SG
2609.33684,cs.DS
2609.33949,math.NT
2609.34462,cs.CC
2609.37309,math.DG
2609.38710,math.ST
2609.39463,math.PR
2609.39917,math.CO
2609.40351,quant-ph
2610.00644,cs.CC
2610.01071,cs.DS
2610.01946,math.CO
alg-geom/9206005,math.AG
alg-geom/9206008,math.AG
alg-geom/9208002,math.AG
alg-geom/9302005,math.AG
alg-geom/9311013,math.AG
alg-geom/9402009,math.AG
alg-geom/9404011,math.AG
alg-geom/9406004,math.AG
alg-geom/9406008,math.AG
alg-geom/9408003,math.AG
alg-geom/9410022,math.AG
alg-geom/9505018,math.AG
alg-geom/9505029,math.AG
alg-geom/9506023,math.AG
alg-geom/9507017,math.AG
alg-geom/9508005,math.AG
alg-geom/9510004,math.AG
alg-geom/9510009,math.AG
alg-geom/9511007,math.AG
alg-geom/9601010,math.AG
alg-geom/9601011,math.AG
alg-geom/9601026,math.AG
alg-geom/9608011,math.AG
alg-geom/9609018,math.AG
alg-geom/9611021,math.AG
alg-geom/9702015,math.AG
alg-geom/9703002,math.AG
alg-geom/9703037,math.AG
alg-geom/9703038,math.AG
alg-geom/9704005,math.AG
alg-geom/9704018,math.AG
alg-geom/9705025,math.AG
alg-geom/9707012,math.AG
alg-geom/9708001,math.AG
alg-geom/9708012,math.AG
alg-geom/9708024,math.AG
alg-geom/9709033,math.AG
alg-geom/9711014,math.AG
alg-geom/9711024,math.AG
alg-geom/9712014,math.AG
cond-mat/0003360,cond-mat.dis-nn
cond-mat/0008374,cond-mat.str-el
cond-mat/0009083,cond-mat.mes-hall
cond-mat/0009418,cond-mat.dis-nn
cond-mat/0204280,cond-mat.dis-nn
cond-mat/0205123,cond-mat.dis-nn
cond-mat/0208280,cond-mat.dis-nn
cond-mat/0209642,cond-mat.mes-hall
cond-mat/0211695,cond-mat.dis-nn
cond-mat/0306386,cond-mat.dis-nn
cond-mat/0307367,cond-mat.dis-nn
cond-mat/0401202,cond-mat.stat-mech
cond-mat/0403240,cond-mat.stat-mech
cond-mat/0403506,cond-mat.dis-nn
cond-mat/0407066,cond-mat.str-el
cond-mat/0407273,cond-mat.stat-mech
cond-mat/0505140,cond-mat.str-el
cond-mat/0506438,cond-mat.mes-hall
cond-mat/0508554,cond-mat.str-el
cond-mat/0512295,cond-mat.stat-mech
cond-mat/0608496,cond-mat.stat-mech
cond-mat/0612041,cond-mat.stat-mech
cond-mat/0701025,cond-mat.mtrl-sci
cond-mat/9310009,cond-mat
cond-mat/9311016,cond-mat
cond-mat/9312012,cond-mat
cond-mat/9406074,cond-mat
cond-mat/9410082,cond-mat
cond-mat/9410110,cond-mat
cond-mat/9502075,cond-mat
cond-mat/9611156,cond-mat.stat-mech
cond-mat/9712129,cond-mat.stat-mech
cond-mat/9712138,cond-mat.soft
cond-mat/9807333,cond-mat.dis-nn
cond-mat/9809144,cond-mat
cond-mat/9809145,cond-mat
cond-mat/9811203,cond-mat.stat-mech
cond-mat/9904146,cond-mat.stat-mech
cs/0207028,cs.DS
cs/0305009,cs.CC
cs/0309020,cs.CC
cs/0405020,cs.DM
cs/0412108,cs.IT
cs/0508071,cs.CC
cs/0612134,cs.CC
dg-ga/9409001,math.DG
dg-ga/9410002,math.DG
dg-ga/9507004,math.DG
dg-ga/9609007,math.DG
dg-ga/9708011,math.DG
dg-ga/9710029,math.DG
dg-ga/9710032,math.DG
dg-ga/9711014,math.DG
dg-ga/9712005,math.DG
funct-an/9712002,math.FA
gr-qc/0203004,gr-qc
gr-qc/0301071,gr-qc
gr-qc/0301073,gr-qc
gr-qc/0307013,gr-qc
gr-qc/0307109,gr-qc
gr-qc/0401112,gr-qc
gr-qc/0405109,gr-qc
gr-qc/0408044,gr-qc
gr-qc/0408066,gr-qc
gr-qc/0512116,gr-qc
gr-qc/0512119,gr-qc
gr-qc/9304009,gr-qc
gr-qc/9305023,gr-qc
gr-qc/9401014,gr-qc
gr-qc/9408002,gr-qc
gr-qc/9510015,gr-qc
gr-qc/9510056,gr-qc
gr-qc/9604040,gr-qc
hep-lat/9308004,hep-lat
hep-lat/9501008,hep-lat
hep-lat/9702010,hep-lat
hep-lat/9810025,hep-lat
hep-lat/9903036,hep-lat
hep-th/0001189,hep-th
hep-th/0011017,hep-th
hep-th/0011199,hep-th
hep-th/0202021,hep-th
hep-th/0205185,hep-th
hep-th/0206043,hep-th
hep-th/0206049,hep-th
hep-th/0206136,hep-th
hep-th/0211226,hep-th
hep-th/0310002,hep-th
hep-th/0403166,hep-th
hep-th/0406190,hep-th
hep-th/0603021,hep-th
hep-th/0604151,hep-th
hep-th/0607080,hep-th
hep-th/9111026,hep-th
hep-th/9210089,hep-th
hep-th/9303048,hep-th
hep-th/9303161,hep-th
hep-th/9305134,hep-th
hep-th/9310164,hep-th
hep-th/9402147,hep-th
hep-th/9510135,hep-th
hep-th/9606040,hep-th
hep-th/9608079,hep-th
hep-th/9610043,hep-th
hep-th/9612039,hep-th
hep-th/9703037,hep-th
hep-th/9703086,hep-th
hep-th/9703129,hep-th
hep-th/9704098,hep-th
hep-th/9705046,hep-th
hep-th/9708119,hep-th
hep-th/9709152,hep-th
hep-th/9711107,hep-th
hep-th/9712074,hep-th
hep-th/9712133,hep-th
hep-th/9803265,hep-th
hep-th/9805046,hep-th
hep-th/9805080,hep-th
hep-th/9904182,hep-th
hep-th/9908096,hep-th
math-ph/0002027,math-ph
math-ph/0011006,math-ph
math-ph/0012026,math-ph
math-ph/0106002,math-ph
math-ph/0111048,math-ph
math-ph/0112003,math-ph
math-ph/0112032,math-ph
math-ph/0203002,math-ph
math-ph/0206043,math-ph
math-ph/0209019,math-ph
math-ph/0212025,math-ph
math-ph/0303013,math-ph
math-ph/0304011,math-ph
math-ph/0402048,math-ph
math-ph/0402073,math-ph
math-ph/0403002,math-ph
math-ph/0410061,math-ph
math-ph/0412040,math-ph
math-ph/0502006,math-ph
math-ph/0502025,math-ph
math-ph/0504032,math-ph
math-ph/0506030,math-ph
math-ph/0507066,math-ph
math-ph/0510033,math-ph
math-ph/0512014,math-ph
math-ph/0603064,math-ph
math-ph/0604043,math-ph
math-ph/0605002,math-ph
math-ph/0605041,math-ph
math-ph/0606065,math-ph
math-ph/0609050,math-ph
math-ph/9806012,math-ph
math-ph/9807020,math-ph
math-ph/9808004,math-ph
math-ph/9808016,math-ph
math-ph/9902020,math-ph
math-ph/9903007,math-ph
math-ph/9903028,math-ph
math-ph/9904020,math-ph
math-ph/9907017,math-ph
math-ph/9908027,math-ph
math-ph/9910002,math-ph
math/0001003,math.AG
math/0001043,math.AG
math/0001057,math.PR
math/0001063,math.GT
math/0002035,math.AG
math/0002060,math.QA
math/0002085,math.RT
math/0002203,math.AG
math/0003060,math.AG
math/0003093,math.AG
math/0003232,math.AG
math/0004015,math.CA
math/0004017,math.AG
math/0004023,math.AG
math/0004067,math.AG
math/0004103,math.AG
math/0004166,math.FA
math/0005066,math.NT
math/0005136,math.PR
math/0005150,math.FA
math/0005184,math.GR
math/0005249,math.AG
math/0006056,math.QA
math/0006140,math.LO
math/0006205,math.AG
math/0007121,math.QA
math/0007190,math.DG
math/0008018,math.DG
math/0008152,math.CO
math/0008200,math.AG
math/0009039,math.DG
math/0009052,math.FA
math/0009097,math.AG
math/0010211,math.AG
math/0010283,math.AG
math/0012102,math.GR
math/0012180,math.AG
math/0012245,math.AG
math/0012255,math.AG
math/0101019,math.AG
math/0101198,math.AG
math/0102135,math.CA
math/0102179,math.NT
math/0102194,math.KT
math/0103029,math.AG
math/0103059,math.AG
math/0103106,math.GT
math/0103111,math.AG
math/0103122,math.AG
math/0103168,math.OA
math/0103175,math.AG
math/0104057,math.AG
math/0104204,math.AG
math/0105046,math.DG
math/0105096,math.OA
math/0105266,math.CA
math/0106014,math.AG
math/0106036,math.PR
math/0106147,math.AG
math/0106195,math.RT
math/0107078,math.OA
math/0107145,math.GT
math/0107187,math.GT
math/0107211,math.GT
math/0108100,math.AG
math/0108211,math.PR
math/0109120,math.PR
math/0109220,math.AG
math/0109221,math.AG
math/0110009,math.MG
math/0110035,math.DG
math/0110051,math.AG
math/0110113,math.AG
math/0110152,math.OA
math/0111040,math.AG
math/0111187,math.AG
math/0111251,math.CV
math/0112008,math.CA
math/0112234,math.PR
math/0201024,math.NT
math/0201031,math.AG
math/0201073,math.RT
math/0201231,math.SP
math/0202112,math.CO
math/0202287,math.AT
math/0203096,math.AG
math/0203173,math.AG
math/0203262,math.PR
math/0204021,math.QA
math/0204059,math.QA
math/0204081,math.AG
math/0204158,math.MG
math/0204218,math.AG
math/0204277,math.PR
math/0204307,math.AG
math/0205009,math.AG
math/0205034,math.RA
math/0205186,math.RT
math/0206203,math.AG
math/0206206,math.QA
math/0208004,math.CO
math/0208021,math.AG
math/0208096,math.AG
math/0208107,math.AG
math/0208127,math.DG
math/0209161,math.GT
math/0209199,math.AC
math/0210084,math.CA
math/0210114,math.KT
math/0210271,math.AG
math/0210307,math.GR
math/0211103,math.PR
math/0211130,math.GR
math/0211140,math.SP
math/0211159,math.DG
math/0211322,math.PR
math/0211368,math.QA
math/0211373,math.DG
math/0211374,math.DG
math/0211450,math.AC
math/0212062,math.DG
math/0212237,math.AG
math/0301154,math.AG
math/0301164,math.AG
math/0301175,math.AP
math/0301182,math.FA
math/0301187,math.GR
math/0301229,math.AT
math/0301232,math.AT
math/0301242,math.AP
math/0301343,math.CO
math/0301349,math.AP
math/0302177,math.CO
math/0302360,math.AG
math/0303075,math.AG
math/0303170,math.AG
math/0303320,math.GM
math/0304096,math.DG
math/0304104,math.OC
math/0304124,math.AG
math/0304173,math.RT
math/0304259,math.DG
math/0304290,math.CO
math/0305001,math.AC
math/0305114,math.NT
math/0305129,math.GT
math/0305177,math.DG
math/0305226,math.AG
math/0305238,math.CV
math/0305440,math.RA
math/0306089,math.FA
math/0306098,math.AT
math/0306134,math.CO
math/0306180,math.OC
math/0306277,math.NT
math/0306413,math.AG
math/0307164,math.AG
math/0307278,math.DG
math/0307321,math.GR
math/0308004,math.AC
math/0308040,math.NT
math/0308097,math.AG
math/0308143,math.AG
math/0308204,math.AP
math/0308210,math.SG
math/0309022,math.GN
math/0309168,math.RT
math/0309227,math.AG
math/0309343,math.OA
math/0309366,math.OA
math/0310022,math.GR
math/0310193,math.CO
math/0310200,math.GR
math/0310346,math.CA
math/0310414,math.SG
math/0311043,math.CO
math/0311311,math.KT
math/0311397,math.DG
math/0311459,math.SG
math/0311487,math.GR
math/0311489,math.GT
math/0312241,math.FA
math/0312286,math.OA
math/0312323,math.DS
math/0312369,math.PR
math/0312522,math.FA
math/0401222,math.RT
math/0401329,math.RT
math/0401344,math.AG
math/0401386,math.DG
math/0401401,math.AG
math/0401418,math.CA
math/0402110,math.SP
math/0402276,math.GR
math/0403212,math.DS
math/0403237,math.CT
math/0403266,math.AT
math/0403359,math.PR
math/0403507,math.AP
math/0404043,math.PR
math/0404048,math.PR
math/0404083,math.PR
math/0404117,math.DS
math/0404118,math.GR
math/0404304,math.MG
math/0404312,math.AG
math/0404362,math.AG
math/0404386,math.AG
math/0404501,math.CO
math/0404517,math.AG
math/0404523,math.NT
math/0405157,math.PR
math/0405282,math.OA
math/0405285,math.AG
math/0405357,math.PR
math/0405392,math.NT
math/0405458,math.PR
math/0405470,math.GR
math/0405472,math.AP
math/0405541,math.DG
math/0405602,math.DG
math/0406057,math.AC
math/0406121,math.PR
math/0406345,math.CV
math/0406375,math.CA
math/0406564,math.AG
math/0407143,math.AG
math/0407236,math.FA
math/0407238,math.FA
math/0407520,math.FA
math/0408020,math.OA
math/0408035,math.QA
math/0408095,math.AG
math/0408176,math.PR
math/0408301,math.AG
math/0409091,math.OA
math/0409146,math.GR
math/0409150,math.RA
math/0409360,math.CT
math/0409569,math.AG
math/0409584,math.AG
math/0410019,math.DG
math/0410336,math.PR
math/0410555,math.CT
math/0410612,math.AG
math/0411109,math.AP
math/0411280,math.CO
math/0412061,math.OA
math/0412128,math.GR
math/0412463,math.PR
math/0412473,math.NT
math/0412503,math.AG
math/0501348,math.AG
math/0501412,math.OA
math/0501449,math.CV
math/0501533,math.PR
math/0502079,math.DG
math/0502101,math.GR
math/0502140,math.GR
math/0502211,math.OA
math/0502473,math.NA
math/0502533,math.QA
math/0503040,math.RT
math/0503113,math.NT
math/0503137,math.PR
math/0503308,math.AT
math/0503519,math.PR
math/0503632,math.AG
math/0503651,math.PR
math/0504020,math.AG
math/0504330,math.AG
math/0504336,math.NT
math/0504404,math.GT
math/0504417,math.RT
math/0504422,math.DG
math/0504590,math.AG
math/0505043,math.AG
math/0505108,math.RT
math/0505302,math.OA
math/0505327,math.AG
math/0505357,math.AG
math/0505368,math.PR
math/0505564,math.AG
math/0505690,math.PR
math/0507307,math.PR
math/0507464,math.AG
math/0508072,math.DG
math/0508096,math.CA
math/0508097,math.FA
math/0508114,math.PR
math/0508186,math.RT
math/0508326,math.AG
math/0508332,math.AG
math/0508519,math.PR
math/0509238,math.GT
math/0509262,math.CA
math/0509372,math.DG
math/0510119,math.QA
math/0510195,math.GR
math/0510508,math.RT
math/0510547,math.FA
math/0510581,math.CA
math/0511163,math.AG
math/0511225,math.CV
math/0511228,math.NT
math/0511254,math.AG
math/0511279,math.AG
math/0511327,math.OA
math/0511460,math.GR
math/0511647,math.GR
math/0512176,math.RT
math/0512197,math.OA
math/0512311,math.RT
math/0601044,math.CA
math/0601052,math.AG
math/0601086,math.AP
math/0601087,math.LO
math/0601213,math.CA
math/0601277,math.CA
math/0601383,math.CT
math/0601457,math.PR
math/0601656,math.PR
math/0601684,math.CO
math/0601706,math.OA
math/0602151,math.PR
math/0602289,math.DG
math/0603154,math.PR
math/0603218,math.CO
math/0603257,math.NT
math/0603461,math.FA
math/0603523,math.DG
math/0604487,math.PR
math/0604629,math.AG
math/0605001,math.SG
math/0605035,math.PR
math/0605137,math.AG
math/0605147,math.CO
math/0605337,math.PR
math/0606002,math.MG
math/0606013,math.AG
math/0606305,math.MG
math/0606378,math.OA
math/0606730,math.AG
math/0607083,math.DG
math/0607226,math.PR
math/0607331,math.PR
math/0607446,math.MG
math/0607714,math.GT
math/0608408,math.CA
math/0608422,math.PR
math/0609167,math.PR
math/0609182,math.OA
math/0609429,math.AP
math/0609801,math.PR
math/0609839,math.AG
math/0610203,math.AG
math/0610535,math.DG
math/0610595,math.AG
math/0610767,math.DG
math/0610806,math.DG
math/0610904,math.MG
math/0610955,math.AP
math/0610963,math.AG
math/0610974,math.AG
math/0611050,math.PR
math/0611160,math.OA
math/0611360,math.AG
math/0611459,math.AG
math/0611592,math.SG
math/0611687,math.PR
math/0611891,math.DS
math/0612003,math.CO
math/0612424,math.NT
math/0612611,math.NT
math/0612630,math.CV
math/0612668,math.AG
math/0701097,math.FA
math/0701129,math.FA
math/0701147,math.OA
math/0701225,math.GR
math/0701463,math.CV
math/0701484,math.KT
math/0702226,math.NA
math/0702375,math.AG
math/0702431,math.GR
math/0702729,math.NT
math/0702875,math.PR
math/0703139,math.AG
math/0703299,math.AG
math/0703310,math.AG
math/0703344,math.AG
math/0703685,math.GR
math/0703822,math.AG
math/0703907,math.NT
math/9201217,math.MG
math/9201218,math.MG
math/9201240,math.LO
math/9205204,math.FA
math/9207212,math.AP
math/9207213,math.DG
math/9307229,math.MG
math/9309211,math.FA
math/9401220,math.AT
math/9401222,math-ph
math/9604227,math.AG
math/9701203,math.FA
math/9701213,math.MG
math/9701227,math.PR
math/9704203,math.GR
math/9705210,math.FA
math/9705225,math.LO
math/9706211,math.FA
math/9709216,math.FA
math/9711218,math.AG
math/9712210,math.GT
math/9801027,math.FA
math/9801077,math.AT
math/9802063,math.AG
math/9803052,math.CV
math/9803076,math.AG
math/9803091,math.AG
math/9803118,math.QA
math/9804058,math.AG
math/9804081,math.DG
math/9806028,math.AG
math/9806031,math.OA
math/9806037,math.CO
math/9806133,math.AG
math/9807032,math.GT
math/9807066,math.AG
math/9807127,math.AG
math/9807160,math.RT
math/9807163,math.CA
math/9808048,math.AG
math/9809033,math.AG
math/9809174,math.GR
math/9809197,math.LO
math/9810102,math.AG
math/9810166,math.AG
math/9811024,math.DG
math/9811112,math.NT
math/9811186,math.NT
math/9812003,math.AG
math/9812026,math.AG
math/9901113,math.AG
math/9901138,math.AG
math/9902004,math.CO
math/9903025,math.CO
math/9903045,math.AG
math/9903086,math.SG
math/9903098,math.FA
math/9903104,math.OA
math/9903146,math.AG
math/9903166,math.CA
math/9903203,math.CA
math/9904022,math.PR
math/9904095,math.AG
math/9904135,math.AG
math/9905083,math.CO
math/9905214,math.DG
math/9906008,math.GR
math/9906088,math.AG
math/9906089,math.AG
math/9907076,math.CO
math/9907133,math.AG
math/9907165,math.CA
math/9907166,math.QA
math/9907199,math.SG
math/9907209,math.CA
math/9908101,math.AG
math/9908167,math.AG
math/9909002,math.DG
math/9909093,math.AG
math/9910021,math.AG
math/9910118,math.AG
math/9910178,math.RA
math/9911016,math.FA
math/9911159,math.GT
math/9911166,math.AG
math/9911173,math.DG
math/9911212,math.AP
math/9911262,math.GR
math/9912074,math.AG
math/9912097,math.AG
math/9912233,math.PR
q-alg/9606021,math.QA
q-alg/9703016,math.QA
quant-ph/0002066,quant-ph
quant-ph/0005042,quant-ph
quant-ph/0005055,quant-ph
quant-ph/0006031,quant-ph
quant-ph/0102027,quant-ph
quant-ph/0103162,quant-ph
quant-ph/0106017,quant-ph
quant-ph/0106052,quant-ph
quant-ph/0109103,quant-ph
quant-ph/0207128,quant-ph
quant-ph/0208028,quant-ph
quant-ph/0301093,quant-ph
quant-ph/0302031,quant-ph
quant-ph/0303055,quant-ph
quant-ph/0306078,quant-ph
quant-ph/0307151,quant-ph
quant-ph/0309110,quant-ph
quant-ph/0309120,quant-ph
quant-ph/0310054,quant-ph
quant-ph/0312081,quant-ph
quant-ph/0403133,quant-ph
quant-ph/0403168,quant-ph
quant-ph/0405077,quant-ph
quant-ph/0406175,quant-ph
quant-ph/0409116,quant-ph
quant-ph/0502031,quant-ph
quant-ph/0504166,quant-ph
quant-ph/0505092,quant-ph
quant-ph/0506089,quant-ph
quant-ph/0506189,quant-ph
quant-ph/0510012,quant-ph
quant-ph/0510073,quant-ph
quant-ph/0511117,quant-ph
quant-ph/0512154,quant-ph
quant-ph/0512258,quant-ph
quant-ph/0602130,quant-ph
quant-ph/0603098,quant-ph
quant-ph/0607216,quant-ph
quant-ph/0608197,quant-ph
quant-ph/0610161,quant-ph
quant-ph/0611050,quant-ph
quant-ph/0701122,quant-ph
quant-ph/9508027,quant-ph
quant-ph/9511018,quant-ph
quant-ph/9511027,quant-ph
quant-ph/9604024,quant-ph
quant-ph/9604039,quant-ph
quant-ph/9605034,quant-ph
quant-ph/9605043,quant-ph
quant-ph/9607014,quant-ph
quant-ph/9611023,quant-ph
quant-ph/9701001,quant-ph
quant-ph/9703004,quant-ph
quant-ph/9704027,quant-ph
quant-ph/9708016,quant-ph
quant-ph/9712042,quant-ph
quant-ph/9801069,quant-ph
quant-ph/9802049,quant-ph
quant-ph/9808030,quant-ph
quant-ph/9903046,quant-ph
quant-ph/9905008,quant-ph
solv-int/9804004,nlin.SI
solv-int/9907008,nlin.SI
