stratum,rank,id,status,n_references
math.AG,0,2101.02759,included,40
math.AG,1,2209.11040,included,36
math.AG,2,2007.12376,included,5
math.AG,3,2001.00244,included,18
math.AG,4,2010.09182,included,10
math.AG,5,2007.05699,included,11
math.AG,6,2010.06795,included,50
math.AG,7,2103.02180,included,7
math.AG,8,2003.08644,included,20
math.AG,9,2012.06278,included,7
math.AG,10,2010.13847,included,26
math.AG,11,2109.06142,included,22
math.AG,12,2112.00514,included,6
math.AG,13,2208.03039,included,10
math.AG,14,2204.00610,included,23
math.AG,15,2103.07120,included,10
math.AG,16,2101.02261,included,23
math.AG,17,2206.00503,included,14
math.AG,18,2008.01008,no_bibliography,0
math.AG,19,2108.01639,included,10
math.AG,20,2205.05273,included,133
math.AG,21,2001.02266,included,12
math.AG,22,2103.07324,included,21
math.AG,23,2104.07549,included,37
math.AG,24,2211.08164,included,55
math.AG,25,2112.06337,no_bibliography,0
math.AG,26,2012.09642,included,33
math.AG,27,2108.06936,included,26
math.AG,28,2111.03373,included,32
math.AG,29,2112.03058,included,32
math.AG,30,2008.13452,included,28
math.AG,31,2108.02464,included,102
math.AG,32,2007.16082,included,17
math.AG,33,2010.09292,included,32
math.AG,34,2105.12861,included,19
math.AG,35,2107.13370,included,51
math.AG,36,2108.13715,included,20
math.AG,37,2005.00579,included,6
math.AG,38,2012.07324,included,46
math.AG,39,2210.01731,included,41
math.AG,40,2203.01232,included,61
math.AG,41,2208.03896,included,35
math.AG,42,2003.08985,included,50
math.AG,43,2106.12339,included,27
math.AG,44,2102.13510,no_bibliography,0
math.AG,45,2209.02926,included,44
math.AG,46,2106.11069,included,14
math.AG,47,2106.05496,included,51
math.AG,48,2211.14195,included,24
math.AG,49,2111.12985,included,35
math.AG,50,2101.08931,included,22
math.AG,51,2206.07183,included,7
math.AG,52,2004.12711,included,19
math.AG,53,2108.08257,included,42
math.AG,54,2210.00033,included,45
math.AG,55,2112.09101,included,26
math.AG,56,2208.12072,included,55
math.AG,57,2105.12417,included,21
math.AG,58,2112.03156,included,44
math.AG,59,2211.05876,included,23
math.AG,60,2206.05170,included,25
math.AG,61,2005.01366,no_bibliography,0
math.AG,62,2012.11272,included,32
math.AG,63,2206.10392,included,28
math.AG,64,2103.00282,included,34
math.AG,65,2210.02076,included,11
math.AG,66,2107.02231,included,22
math.AG,67,2004.05906,included,24
math.AG,68,2107.05091,included,35
math.AG,69,2212.09793,included,17
math.AG,70,2204.10076,included,41
math.AG,71,2008.00753,no_bibliography,0
math.AG,72,2011.10181,included,14
math.AG,73,2206.02401,included,20
math.AG,74,2203.17224,included,68
math.AG,75,2208.08546,included,47
math.AG,76,2111.10997,included,15
math.AG,77,2011.12316,included,39
math.AG,78,2205.12839,included,73
math.AG,79,2111.05655,included,20
math.AG,80,2205.00607,included,25
math.AG,81,2007.06036,included,35
math.AG,82,2106.04872,included,37
math.AG,83,2107.13043,included,28
math.AG,84,2205.09863,included,4
math.AG,85,2210.16747,included,66
math.AG,86,2110.14762,included,3
math.AG,87,2101.03600,included,13
math.AG,88,2101.07636,included,26
math.AG,89,2208.08016,included,61
math.AG,90,2002.09936,included,36
math.AG,91,2011.04355,included,52
math.AG,92,2105.13028,included,40
math.AG,93,2104.00591,included,14
math.AG,94,2205.03527,included,17
math.AG,95,2006.08234,included,20
math.AG,96,2107.14359,included,46
math.AG,97,2005.09789,included,15
math.AG,98,2105.09986,included,9
math.AG,99,2012.10487,included,27
math.AG,100,2208.12749,included,51
math.AG,101,2009.05559,included,25
math.AG,102,2102.01726,included,44
math.AG,103,2005.10073,included,12
math.AG,104,2003.14224,included,48
math.AG,105,2209.00621,included,30
math.PR,0,2102.10686,included,32
math.PR,1,2103.08868,included,23
math.PR,2,2002.05250,included,37
math.PR,3,2204.13866,included,26
math.PR,4,2105.14928,included,12
math.PR,5,2202.12344,included,25
math.PR,6,2002.11693,included,9
math.PR,7,2106.03350,no_bibliography,0
math.PR,8,2012.00742,included,42
math.PR,9,2202.02766,included,23
math.PR,10,2108.11252,included,27
math.PR,11,2211.02194,included,22
math.PR,12,2008.08380,included,21
math.PR,13,2111.13973,included,19
math.PR,14,2003.08426,included,56
math.PR,15,2012.14045,included,18
math.PR,16,2004.01850,included,17
math.PR,17,2207.01235,included,22
math.PR,18,2009.01746,included,13
math.PR,19,2012.00810,included,47
math.PR,20,2201.13255,included,9
math.PR,21,2109.07800,included,15
math.PR,22,2212.12277,included,30
math.PR,23,2109.01252,included,91
math.PR,24,2003.07960,included,13
math.PR,25,2110.13236,included,15
math.PR,26,2202.02289,included,35
math.PR,27,2103.04588,included,30
math.PR,28,2107.03454,included,4
math.PR,29,2101.01288,included,65
math.PR,30,2004.11473,included,15
math.PR,31,2111.02731,included,24
math.PR,32,2103.09980,included,45
math.PR,33,2006.10009,included,23
math.PR,34,2201.02975,included,32
math.PR,35,2106.01851,included,14
math.PR,36,2104.12716,included,33
math.PR,37,2003.06454,included,29
math.PR,38,2208.07827,included,56
math.PR,39,2105.04440,included,29
math.PR,40,2111.05390,included,68
math.PR,41,2105.05073,included,27
math.PR,42,2204.12238,included,23
math.PR,43,2003.12937,included,12
math.PR,44,2007.08022,included,13
math.PR,45,2210.04060,included,3
math.PR,46,2008.12407,included,13
math.PR,47,2011.08768,included,48
math.PR,48,2010.16116,included,5
math.PR,49,2205.04951,included,33
math.PR,50,2204.10748,included,17
math.PR,51,2005.10730,included,32
math.PR,52,2011.04589,included,24
math.PR,53,2002.11311,included,23
math.PR,54,2005.03154,included,19
math.PR,55,2001.11467,included,50
math.PR,56,2104.01412,pdf_only,0
math.PR,57,2102.06110,included,19
math.PR,58,2011.07628,included,50
math.PR,59,2106.01241,no_bibliography,0
math.PR,60,2001.02841,included,4
math.PR,61,2105.00608,included,14
math.PR,62,2205.01148,included,21
math.PR,63,2105.02385,included,13
math.PR,64,2105.02607,included,21
math.PR,65,2208.11952,included,31
math.PR,66,2004.09580,included,15
math.PR,67,2205.00248,included,72
math.PR,68,2202.00546,included,16
math.PR,69,2108.11930,included,31
math.PR,70,2210.13607,included,27
math.PR,71,2005.03152,included,26
math.PR,72,2004.09119,included,14
math.PR,73,2006.05284,included,22
math.PR,74,2111.08560,no_bibliography,0
math.PR,75,2204.13929,included,25
math.PR,76,2006.14915,included,53
math.PR,77,2108.00487,included,26
math.PR,78,2010.05837,included,56
math.PR,79,2205.09395,included,49
math.PR,80,2009.13428,included,22
math.PR,81,2012.07256,included,26
math.PR,82,2111.04644,included,44
math.PR,83,2103.11872,included,60
math.PR,84,2103.09770,included,24
math.PR,85,2203.06057,included,26
math.PR,86,2006.03083,included,13
math.PR,87,2202.11780,included,24
math.PR,88,2012.14598,included,25
math.PR,89,2211.14735,included,38
math.PR,90,2112.03228,included,49
math.PR,91,2207.14569,included,14
math.PR,92,2104.11971,included,10
math.PR,93,2110.12716,included,12
math.PR,94,2001.08736,included,35
math.PR,95,2209.04395,included,31
math.PR,96,2202.08689,included,44
math.PR,97,2209.14135,included,32
math.PR,98,2109.11669,included,28
math.CO,0,2203.02868,included,40
math.CO,1,2004.08734,included,10
math.CO,2,2004.14148,included,13
math.CO,3,2201.03086,not_latex,0
math.CO,4,2212.09188,included,6
math.CO,5,2004.10443,included,19
math.CO,6,2208.09928,included,23
math.CO,7,2003.07416,included,17
math.CO,8,2201.12827,no_bibliography,0
math.CO,9,2207.06727,included,11
math.CO,10,2003.00062,included,15
math.CO,11,2201.06784,included,9
math.CO,12,2202.13176,included,38
math.CO,13,2204.08537,included,27
math.CO,14,2003.09409,included,21
math.CO,15,2012.12460,included,17
math.CO,16,2211.04499,included,23
math.CO,17,2205.09168,included,29
math.CO,18,2201.07878,included,46
math.CO,19,2004.13104,included,10
math.CO,20,2103.12658,included,7
math.CO,21,2205.09475,included,34
math.CO,22,2208.12455,included,18
math.CO,23,2007.06003,included,21
math.CO,24,2211.03682,included,20
math.CO,25,2208.13995,included,17
math.CO,26,2003.03617,included,30
math.CO,27,2206.03587,included,30
math.CO,28,2009.12066,included,13
math.CO,29,2008.04655,included,29
math.CO,30,2110.07381,included,18
math.CO,31,2205.09063,included,13
math.CO,32,2103.09114,no_bibliography,0
math.CO,33,2209.07651,included,10
math.CO,34,2212.03121,included,18
math.CO,35,2106.01037,no_bibliography,0
math.CO,36,2107.02973,included,22
math.CO,37,2006.10900,included,18
math.CO,38,2210.15335,included,45
math.CO,39,2003.03945,included,18
math.CO,40,2107.00718,included,35
math.CO,41,2205.05394,included,12
math.CO,42,2104.05975,included,7
math.CO,43,2003.13548,included,11
math.CO,44,2209.09086,included,24
math.CO,45,2109.11546,included,15
math.CO,46,2110.04973,included,12
math.CO,47,2108.04615,included,24
math.CO,48,2007.13472,included,3
math.CO,49,2110.00164,included,19
math.CO,50,2106.00587,included,44
math.CO,51,2210.16672,included,9
math.CO,52,2009.04773,included,18
math.CO,53,2007.12819,included,20
math.DG,0,2103.01139,included,28
math.DG,1,2010.13966,included,25
math.DG,2,2205.01617,included,23
math.DG,3,2201.13068,no_bibliography,0
math.DG,4,2007.13822,included,40
math.DG,5,2208.14485,included,64
math.DG,6,2106.06904,included,66
math.DG,7,2009.04024,included,19
math.DG,8,2103.13531,included,4
math.DG,9,2206.11883,included,25
math.DG,10,2010.06334,included,29
math.DG,11,2204.11390,included,19
math.DG,12,2204.08921,included,52
math.DG,13,2005.05867,included,9
math.DG,14,2011.02423,included,46
math.DG,15,2207.04510,included,21
math.DG,16,2002.07210,included,30
math.DG,17,2205.09417,no_bibliography,0
math.DG,18,2006.10816,included,28
math.DG,19,2110.07295,no_bibliography,0
math.DG,20,2004.13607,included,65
math.DG,21,2208.04454,included,8
math.DG,22,2109.04998,included,40
math.DG,23,2107.06957,included,10
math.DG,24,2012.08307,included,25
math.DG,25,2006.07612,included,40
math.DG,26,2209.03039,included,5
math.DG,27,2010.03425,included,58
math.DG,28,2004.12259,no_bibliography,0
math.DG,29,2001.01688,included,24
math.DG,30,2111.12020,included,44
math.DG,31,2001.02549,included,10
math.DG,32,2205.06853,included,19
math.DG,33,2003.06242,included,29
math.DG,34,2111.13631,included,24
math.DG,35,2104.10045,included,16
math.DG,36,2005.07663,included,25
math.DG,37,2208.06577,included,44
math.DG,38,2012.12223,included,40
math.DG,39,2012.09416,included,26
math.DG,40,2108.09236,included,53
math.DG,41,2009.12764,included,12
math.DG,42,2103.02954,included,6
math.DG,43,2111.09532,included,15
math.DG,44,2105.13051,included,46
math.DG,45,2005.05803,no_bibliography,0
math.DG,46,2005.02055,included,39
math.DG,47,2107.09424,included,16
math.NT,0,2010.02668,included,10
math.NT,1,2201.00478,included,13
math.NT,2,2201.06766,included,20
math.NT,3,2004.05854,included,12
math.NT,4,2202.12573,included,28
math.NT,5,2004.12036,included,13
math.NT,6,2010.08970,no_bibliography,0
math.NT,7,2001.01855,included,43
math.NT,8,2201.12481,included,51
math.NT,9,2207.07084,included,31
math.NT,10,2009.13360,included,10
math.NT,11,2001.06878,included,18
math.NT,12,2002.03255,included,26
math.NT,13,2008.00433,included,25
math.NT,14,2108.13198,no_bibliography,0
math.NT,15,2203.14582,included,5
math.NT,16,2206.05801,included,9
math.NT,17,2108.09258,included,24
math.NT,18,2009.12475,included,27
math.NT,19,2111.03723,included,30
math.NT,20,2101.08191,included,16
math.NT,21,2003.10995,included,26
math.NT,22,2208.13281,included,11
math.NT,23,2207.09516,included,35
math.NT,24,2005.12118,included,13
math.NT,25,2204.09608,included,43
math.NT,26,2006.02680,included,17
math.NT,27,2009.03277,included,17
math.NT,28,2011.02762,included,21
math.NT,29,2008.10335,included,10
math.NT,30,2209.11059,included,14
math.NT,31,2202.06799,included,31
math.NT,32,2109.08737,included,13
math.NT,33,2007.06454,included,24
math.NT,34,2109.07845,included,16
math.NT,35,2209.11365,included,40
math.NT,36,2003.04075,included,10
math.NT,37,2005.02922,included,4
math.NT,38,2211.06357,included,38
math.NT,39,2103.00106,included,11
math.NT,40,2001.01695,no_bibliography,0
math.NT,41,2102.06415,included,17
math.NT,42,2110.04078,included,42
math.NT,43,2109.08788,included,47
math.AP,0,2202.05578,included,60
math.AP,1,2205.04451,included,36
math.AP,2,2206.01318,included,15
math.AP,3,2105.06472,included,49
math.AP,4,2204.01002,included,7
math.AP,5,2003.07206,included,49
math.AP,6,2112.12425,included,29
math.AP,7,2104.03477,included,29
math.AP,8,2209.04883,included,32
math.AP,9,2107.06094,included,23
math.AP,10,2107.11932,included,20
math.AP,11,2109.11490,included,48
math.AP,12,2202.10767,included,38
math.AP,13,2212.14391,included,19
math.AP,14,2210.06488,included,66
math.AP,15,2011.09914,included,42
math.AP,16,2103.01647,included,34
math.AP,17,2006.14661,included,26
math.AP,18,2111.12432,included,22
math.AP,19,2001.10293,included,19
math.AP,20,2109.14415,included,35
math.AP,21,2207.04462,included,14
math.AP,22,2202.08111,included,8
math.AP,23,2101.05411,included,69
math.AP,24,2007.09132,included,45
math.AP,25,2204.12812,included,124
math.AP,26,2201.11357,included,46
math.AP,27,2006.08163,included,33
math.AP,28,2209.07456,included,36
math.AP,29,2208.02399,included,52
cs.DS,0,2211.10471,included,18
cs.DS,1,2207.03401,included,26
cs.DS,2,2106.01079,included,32
cs.DS,3,2002.11880,included,23
cs.DS,4,2006.10804,included,8
cs.DS,5,2003.06706,included,22
cs.DS,6,2006.08302,no_bibliography,0
cs.DS,7,2104.05091,included,8
cs.DS,8,2105.12407,included,24
cs.DS,9,2108.08987,included,38
cs.DS,10,2003.11273,included,8
cs.DS,11,2205.14967,no_bibliography,0
cs.DS,12,2207.11824,no_bibliography,0
cs.DS,13,2006.02408,included,32
cs.DS,14,2108.00914,included,39
cs.DS,15,2210.14638,included,46
cs.DS,16,2107.14550,included,21
cs.DS,17,2005.08614,included,7
cs.DS,18,2005.00880,included,51
cs.DS,19,2211.13898,included,13
cs.DS,20,2004.08338,included,16
cs.DS,21,2105.02736,included,17
cs.DS,22,2208.01953,included,13
cs.DS,23,2107.02605,included,34
cs.DS,24,2011.04928,included,24
cs.DS,25,2009.11789,included,35
cs.DS,26,2010.13888,included,44
cs.DS,27,2107.00995,included,28
cs.DS,28,2111.09290,included,14
cs.DS,29,2001.04447,included,64
cs.DS,30,2211.13462,pdf_only,0
cs.DS,31,2001.06867,pdf_only,0
cs.DS,32,2012.06713,included,41
cs.DS,33,2204.06761,included,28
math-ph,0,2110.00793,included,11
math-ph,1,2112.02703,included,39
math-ph,2,2005.02556,no_bibliography,0
math-ph,3,2207.08054,included,34
math-ph,4,2111.05661,included,56
math-ph,5,2007.01869,included,20
math-ph,6,2212.07529,included,27
math-ph,7,2010.15481,included,12
math-ph,8,2204.00733,included,15
math-ph,9,2011.03714,included,66
math-ph,10,2002.02269,included,51
math-ph,11,2011.00611,included,76
math-ph,12,2101.12096,included,42
math-ph,13,2212.01373,no_bibliography,0
math-ph,14,2206.08238,included,79
math-ph,15,2109.14890,no_bibliography,0
math-ph,16,2203.05100,included,40
math-ph,17,2211.12259,included,29
math-ph,18,2008.04825,included,5
math-ph,19,2107.11866,included,37
math-ph,20,2105.04498,included,32
math-ph,21,2007.06264,included,73
math-ph,22,2203.10746,included,201
math-ph,23,2212.01045,included,23
math-ph,24,2210.17123,included,13
math-ph,25,2103.10666,included,26
math-ph,26,2009.13965,included,29
math-ph,27,2004.05416,included,92
math-ph,28,2203.06136,included,11
math-ph,29,2006.15897,included,16
math-ph,30,2111.03415,included,63
math.GR,0,2107.12861,included,51
math.GR,1,2006.11898,included,39
math.GR,2,2205.14097,included,71
math.GR,3,2202.09896,included,8
math.GR,4,2008.08504,included,34
math.GR,5,2212.09665,included,39
math.GR,6,2202.13320,included,20
math.GR,7,2202.09705,included,38
math.GR,8,2002.05768,included,54
math.GR,9,2203.14024,included,14
math.GR,10,2210.00730,included,21
math.GR,11,2103.10407,included,13
math.GR,12,2003.01020,no_bibliography,0
math.GR,13,2004.12774,included,19
math.GR,14,2006.08704,included,12
math.GR,15,2111.13616,no_bibliography,0
math.GR,16,2001.05931,included,20
math.GR,17,2110.11513,included,8
math.GR,18,2012.14479,included,12
math.GR,19,2107.11230,included,21
math.GR,20,2205.04375,included,2
math.GR,21,2006.02653,included,13
math.GR,22,2208.10905,included,31
math.GR,23,2105.11637,included,20
math.GR,24,2201.08036,included,11
math.GR,25,2112.02704,included,8
math.GR,26,2204.06151,included,28
math.GR,27,2007.02988,included,56
math.GR,28,2210.08852,included,36
math.OA,0,2105.09639,included,16
math.OA,1,2109.10425,no_bibliography,0
math.OA,2,2110.08734,no_bibliography,0
math.OA,3,2211.07618,included,41
math.OA,4,2209.07731,included,25
math.OA,5,2210.05942,included,20
math.OA,6,2111.12601,included,19
math.OA,7,2002.03253,included,63
math.OA,8,2109.13965,no_bibliography,0
math.OA,9,2105.09056,included,22
math.OA,10,2207.07950,included,20
math.OA,11,2212.14607,included,35
math.OA,12,2003.04384,included,29
math.OA,13,2009.07229,no_bibliography,0
math.OA,14,2110.13108,included,8
math.OA,15,2101.09881,included,32
math.OA,16,2011.14222,included,28
math.OA,17,2101.06822,no_bibliography,0
math.OA,18,2107.14010,included,14
math.OA,19,2207.13164,included,36
math.OA,20,2108.06406,included,27
math.OA,21,2006.00351,no_bibliography,0
math.OA,22,2101.08302,included,27
math.OA,23,2209.11416,included,20
math.OA,24,2108.00025,included,17
math.OA,25,2112.06690,included,56
math.OA,26,2203.00563,included,57
math.OA,27,2006.00307,included,34
math.OA,28,2106.00271,included,26
math.OA,29,2211.09624,included,33
math.OA,30,2110.03548,no_bibliography,0
math.OA,31,2004.01890,included,43
math.OA,32,2105.05587,included,60
math.CA,0,2107.03314,included,30
math.CA,1,2004.10833,included,30
math.CA,2,2009.00446,included,30
math.CA,3,2005.10042,included,10
math.CA,4,2210.03385,included,42
math.CA,5,2104.00992,included,3
math.CA,6,2105.09804,included,9
math.CA,7,2201.05084,pdf_only,0
math.CA,8,2002.01439,included,41
math.CA,9,2210.07671,included,9
math.CA,10,2209.07656,included,24
math.CA,11,2209.05891,included,31
math.CA,12,2003.07403,included,10
math.CA,13,2004.11319,included,26
math.CA,14,2012.14591,included,42
math.CA,15,2007.03267,included,63
math.CA,16,2208.10288,included,28
math.CA,17,2101.10529,included,18
math.CA,18,2012.08763,included,30
math.CA,19,2107.02109,no_bibliography,0
math.CA,20,2107.03191,included,10
math.CA,21,2212.12348,included,20
math.CA,22,2201.12699,no_bibliography,0
math.CA,23,2211.12564,included,28
math.CA,24,2110.02760,included,33
math.CA,25,2005.11745,included,20
math.CA,26,2208.12468,included,27
math.CA,27,2008.03934,included,26
cs.CC,0,2106.08078,included,40
cs.CC,1,2103.08743,included,41
cs.CC,2,2007.02431,included,8
cs.CC,3,2101.05235,included,30
cs.CC,4,2211.09106,included,22
cs.CC,5,2110.12421,included,3
cs.CC,6,2103.05593,included,8
cs.CC,7,2208.09803,included,24
cs.CC,8,2007.13179,included,35
cs.CC,9,2101.06361,included,9
cs.CC,10,2001.08439,included,16
cs.CC,11,2003.02323,included,19
cs.CC,12,2205.01189,included,4
cs.CC,13,2205.01302,included,54
cs.CC,14,2103.08589,included,37
cs.CC,15,2002.02021,included,26
cs.CC,16,2007.08069,included,51
cs.CC,17,2205.02161,included,19
cs.CC,18,2003.09879,included,46
math.MG,0,2007.03510,included,16
math.MG,1,2109.12585,included,54
math.MG,2,2205.08196,included,31
math.MG,3,2103.06698,included,39
math.MG,4,2002.03659,included,18
math.MG,5,2008.07285,included,4
math.MG,6,2109.09384,included,13
math.MG,7,2108.05745,included,13
math.MG,8,2006.04698,included,42
math.MG,9,2012.10166,included,28
math.MG,10,2009.04698,included,14
math.MG,11,2007.03011,included,19
math.MG,12,2002.06154,included,42
math.MG,13,2207.13023,included,10
math.MG,14,2106.13745,included,60
math.MG,15,2003.01390,included,5
math.MG,16,2201.11234,included,39
math.MG,17,2006.14424,included,8
math.FA,0,2004.08678,included,13
math.FA,1,2001.07703,included,60
math.FA,2,2112.01248,included,19
math.FA,3,2012.10738,included,10
math.FA,4,2010.00103,included,22
math.FA,5,2207.09926,no_bibliography,0
math.FA,6,2001.01650,included,3
math.FA,7,2101.07198,included,25
math.FA,8,2204.02917,included,51
math.FA,9,2201.02191,included,24
math.FA,10,2103.07891,included,35
math.FA,11,2204.11733,included,36
math.FA,12,2206.14457,included,27
math.FA,13,2207.07415,included,15
math.FA,14,2203.10265,included,20
math.FA,15,2211.00853,included,17
math.FA,16,2201.04041,included,7
math.FA,17,2201.12095,included,23
math.FA,18,2105.07999,included,21
math.DS,0,2012.14462,included,36
math.DS,1,2101.04967,included,11
math.DS,2,2111.08360,included,39
math.DS,3,2001.04573,included,23
math.DS,4,2010.15646,included,23
math.DS,5,2209.13249,included,34
math.DS,6,2205.06156,included,22
math.DS,7,2102.07324,included,25
math.DS,8,2104.04865,included,62
math.DS,9,2206.03244,included,6
math.DS,10,2108.08646,included,40
math.DS,11,2211.06068,included,26
math.DS,12,2102.04952,included,9
math.DS,13,2204.12821,included,29
math.DS,14,2208.10173,included,31
math.DS,15,2003.14277,included,49
math.DS,16,2002.10637,included,70
quant-ph,0,2109.08062,included,91
quant-ph,1,2204.07407,included,54
quant-ph,2,2105.02384,included,14
quant-ph,3,2109.05449,included,75
quant-ph,4,2009.04648,included,34
quant-ph,5,2206.04032,included,95
quant-ph,6,2005.06801,included,50
quant-ph,7,2102.00241,included,23
quant-ph,8,2202.00634,included,53
quant-ph,9,2109.11433,included,80
quant-ph,10,2008.05445,included,63
quant-ph,11,2106.14923,included,42
quant-ph,12,2112.04060,included,43
quant-ph,13,2210.05293,included,38
quant-ph,14,2107.11398,included,45
quant-ph,15,2111.00433,included,47
math.AT,0,2204.01946,included,16
math.AT,1,2107.13042,included,29
math.AT,2,2006.11251,included,41
math.AT,3,2007.02390,included,48
math.AT,4,2005.04652,included,9
math.AT,5,2210.11043,included,77
math.AT,6,2210.06424,included,13
math.AT,7,2211.03886,included,18
math.AT,8,2012.10514,included,21
math.AT,9,2103.13468,included,54
math.AT,10,2103.03952,included,23
math.AT,11,2008.05881,included,46
math.AT,12,2007.03206,included,29
math.AT,13,2211.10977,included,12
math.RT,0,2007.05601,included,74
math.RT,1,2105.01086,included,51
math.RT,2,2012.13868,included,34
math.RT,3,2104.13422,included,28
math.RT,4,2209.10755,included,36
math.RT,5,2005.02655,included,17
math.RT,6,2112.13685,included,16
math.RT,7,2011.00815,included,17
math.RT,8,2210.08943,included,22
gr-qc,0,2012.04795,included,74
gr-qc,1,2205.12994,included,58
gr-qc,2,2003.03720,included,151
gr-qc,3,2007.08754,included,53
gr-qc,4,2205.00556,included,66
gr-qc,5,2110.07056,included,76
gr-qc,6,2205.07701,included,34
gr-qc,7,2111.14179,included,79
math.SG,0,2212.13352,included,20
math.SG,1,2112.14601,included,9
math.SG,2,2008.13168,included,35
math.SG,3,2212.01872,included,26
math.SG,4,2101.05981,included,23
math.SG,5,2203.05162,included,24
math.SG,6,2206.11582,included,44
math.SG,7,2205.10585,included,33
cs.LG,0,2108.05732,included,97
cs.LG,1,2102.03274,included,27
cs.LG,2,2202.06096,included,42
cs.LG,3,2205.06783,pdf_only,0
cs.LG,4,2110.13228,included,15
cs.LG,5,2206.14004,included,41
cs.LG,6,2003.03862,included,17
cs.LG,7,2106.09910,included,34
math.CV,0,2109.11825,included,28
math.CV,1,2007.09667,included,41
math.CV,2,2204.08438,included,22
math.CV,3,2004.10412,included,26
math.CV,4,2105.07818,included,11
math.CV,5,2010.00785,included,9
math.CV,6,2104.02007,included,7
math.GT,0,2205.08040,included,22
math.GT,1,2111.08150,included,23
math.GT,2,2206.12916,included,143
math.GT,3,2112.00418,included,22
math.GT,4,2207.04936,included,33
math.GT,5,2202.06436,included,68
math.KT,0,2110.12473,included,9
math.KT,1,2105.00986,included,35
math.KT,2,2206.08879,included,53
math.KT,3,2211.04111,included,38
math.KT,4,2211.10178,included,18
math.AC,0,2211.15796,included,23
math.AC,1,2012.08358,included,15
math.AC,2,2110.12161,included,29
math.AC,3,2106.03900,included,13
math.AC,4,2001.05816,included,10
math.LO,0,2206.08276,included,38
math.LO,1,2004.02448,included,7
math.LO,2,2111.09806,included,9
math.LO,3,2101.00889,included,7
cs.GT,0,2206.13845,no_bibliography,0
cs.GT,1,2003.13966,included,18
cs.GT,2,2103.10246,included,40
cs.GT,3,2008.00540,included,36
cs.GT,4,2203.16816,included,30
math.RA,0,2009.12454,included,9
math.RA,1,2109.12444,included,30
math.RA,2,2112.00332,included,17
cs.DM,0,2211.11065,included,2
cs.DM,1,2212.08193,included,30
cs.DM,2,2003.01818,included,28
math.SP,0,2006.00308,included,20
math.SP,1,2102.00586,included,50
math.SP,2,2006.15091,included,50
cs.LO,0,2006.11152,included,43
cs.LO,1,2004.05287,included,33
cs.IT,0,2203.11567,included,77
cs.IT,1,2003.12972,included,27
hep-th,0,2003.01034,included,22
hep-th,1,2212.13874,included,20
math.CT,0,2102.04386,included,21
math.CT,1,2008.11912,included,8
math.QA,0,2112.03305,included,41
math.QA,1,2210.01664,included,24
physics.chem-ph,0,2210.12458,pdf_only,0
physics.chem-ph,1,2202.02571,included,20
math.OC,0,2102.07367,included,33
cs.FL,0,2203.10193,included,27
cs.CG,0,2106.09974,included,16
cs.AI,0,2212.01022,included,36
math.AG,106,2003.01976,included,13
math.AG,107,2206.08166,included,21
math.AG,108,2106.10332,included,10
math.AG,109,2012.08343,included,30
math.AG,110,2106.11452,included,63
math.AG,111,2008.13055,included,28
math.AG,112,2106.16035,included,24
math.AG,113,2002.00486,included,50
math.AG,114,2102.04405,included,65
math.AG,115,2104.02919,included,21
math.AG,116,2102.08861,included,15
math.AG,117,2006.16369,included,9
math.AG,118,2205.12806,included,23
math.AG,119,2010.09358,included,29
math.AG,120,2007.02524,included,15
math.AG,121,2211.04300,included,47
math.AG,122,2007.14213,included,18
math.AG,123,2010.15359,included,17
math.AG,124,2012.11315,included,28
math.AG,125,2206.02759,included,55
math.AG,126,2201.01665,included,16
math.AG,127,2006.04081,included,18
math.AG,128,2010.09130,no_bibliography,0
math.AG,129,2010.14447,included,19
math.AG,130,2103.02915,included,34
math.AG,131,2001.11452,included,17
math.AG,132,2002.00290,included,9
math.AG,133,2204.04075,included,46
math.AG,134,2203.02435,included,42
math.AG,135,2207.02047,no_bibliography,0
math.AG,136,2212.08157,included,19
math.AG,137,2210.00784,included,32
math.AG,138,2010.06079,included,27
math.AG,139,2206.05464,no_bibliography,0
math.AG,140,2101.04441,no_bibliography,0
math.AG,141,2101.04162,included,22
math.AG,142,2007.08203,included,13
math.AG,143,2104.09662,included,44
math.AG,144,2108.08934,included,30
math.AG,145,2103.16763,included,8
math.AG,146,2103.02780,included,41
math.AG,147,2210.10939,included,6
math.AG,148,2204.10637,included,31
math.AG,149,2002.09698,included,30
math.AG,150,2008.10489,included,16
math.AG,151,2104.04038,included,31
math.AG,152,2209.03720,included,41
math.AG,153,2009.10063,included,125
math.AG,154,2104.02620,included,8
math.AG,155,2212.01234,included,17
math.AG,156,2103.02412,included,37
math.AG,157,2107.08080,included,5
math.AG,158,2203.08091,included,26
math.AG,159,2109.00027,no_bibliography,0
math.AG,160,2207.14602,included,11
math.AG,161,2103.04659,included,27
math.AG,162,2007.14787,included,28
math.AG,163,2203.03090,included,46
math.AG,164,2207.13540,included,41
math.AG,165,2210.02763,included,9
math.AG,166,2211.15915,included,33
math.AG,167,2204.12179,included,36
math.AG,168,2202.04352,included,31
math.AG,169,2208.00260,included,4
math.AG,170,2102.09263,included,12
math.AG,171,2104.07733,included,6
math.AG,172,2004.01596,included,27
math.AG,173,2204.10617,included,27
math.AG,174,2003.13308,no_bibliography,0
math.AG,175,2001.06922,included,37
math.AG,176,2110.15479,included,15
math.AG,177,2101.04791,included,10
math.AG,178,2110.04436,included,7
math.AG,179,2001.01210,included,12
math.AG,180,2010.11763,included,12
math.AG,181,2209.11901,included,49
math.AG,182,2301.02630,no_bibliography,0
math.AG,183,2003.06839,included,42
math.AG,184,2010.09643,included,36
math.AG,185,2112.14577,no_bibliography,0
math.AG,186,2012.14946,included,28
math.AG,187,2202.00301,included,31
math.AG,188,2109.07065,included,49
math.AG,189,2101.09410,included,14
math.AG,190,2101.10501,included,48
math.AG,191,2207.01632,included,19
math.AG,192,2210.13042,included,50
math.AG,193,2009.07381,included,28
math.AG,194,2002.08149,included,16
math.AG,195,2202.04923,included,11
math.AG,196,2012.13814,no_bibliography,0
math.AG,197,2010.14854,included,41
math.AG,198,2103.14935,no_bibliography,0
math.AG,199,2112.10018,no_bibliography,0
math.AG,200,2007.13954,included,53
math.AG,201,2009.13173,included,29
math.AG,202,2102.08032,included,10
math.AG,203,2008.13427,included,9
math.AG,204,2210.04939,included,51
math.AG,205,2010.01363,included,11
math.AG,206,2204.05589,included,9
math.AG,207,2212.08803,included,14
math.AG,208,2203.05467,included,105
math.AG,209,2209.03783,included,35
math.AG,210,2007.10792,included,35
math.AG,211,2009.00082,included,19
math.AG,212,2101.04845,included,22
math.AG,213,2209.11013,included,22
math.AG,214,2009.00533,included,49
math.AG,215,2009.02810,included,19
math.AG,216,2006.09216,included,11
math.AG,217,2202.12135,included,21
math.PR,99,2202.01353,included,48
math.PR,100,2108.01492,included,25
math.PR,101,2104.00529,included,13
math.PR,102,2208.06808,included,112
math.PR,103,2202.01655,included,53
math.PR,104,2208.12727,included,3
math.PR,105,2008.13140,included,24
math.PR,106,2203.13745,included,18
math.PR,107,2007.15833,included,22
math.PR,108,2209.08985,included,50
math.PR,109,2104.02524,included,50
math.PR,110,2205.09266,included,8
math.PR,111,2106.12998,included,16
math.PR,112,2005.12689,included,43
math.PR,113,2012.08163,included,20
math.PR,114,2201.09029,included,21
math.PR,115,2202.01345,included,9
math.PR,116,2207.10247,included,34
math.PR,117,2007.13108,included,17
math.PR,118,2201.11610,included,33
math.PR,119,2202.00977,included,29
math.PR,120,2107.08475,included,25
math.PR,121,2106.01422,included,17
math.PR,122,2009.12564,included,33
math.PR,123,2007.05438,included,24
math.PR,124,2005.04122,no_bibliography,0
math.PR,125,2212.09905,included,28
math.PR,126,2202.06916,included,29
math.PR,127,2101.03442,included,23
math.PR,128,2101.01592,included,19
math.PR,129,2101.02094,included,26
math.PR,130,2011.02303,included,65
math.PR,131,2104.00737,included,39
math.PR,132,2207.11471,included,15
math.PR,133,2107.14542,included,58
math.PR,134,2103.08283,included,13
math.PR,135,2101.10533,included,105
math.PR,136,2103.16430,included,14
math.PR,137,2208.00674,included,29
math.PR,138,2007.05855,included,41
math.PR,139,2101.00886,included,26
math.PR,140,2203.09701,included,15
math.PR,141,2202.04865,included,48
math.PR,142,2011.04146,included,39
math.PR,143,2104.07698,included,13
math.PR,144,2201.05377,included,45
math.PR,145,2211.15050,included,47
math.PR,146,2002.07142,included,12
math.PR,147,2009.04670,included,33
math.PR,148,2210.10681,included,95
math.PR,149,2001.08384,included,14
math.PR,150,2002.00767,included,40
math.PR,151,2004.04826,included,30
math.PR,152,2003.06206,included,28
math.PR,153,2105.12416,included,24
math.PR,154,2203.02237,included,5
math.PR,155,2010.12271,included,61
math.PR,156,2108.08794,included,28
math.PR,157,2007.14025,included,11
math.PR,158,2112.02066,included,36
math.PR,159,2212.13999,included,32
math.PR,160,2111.07497,included,16
math.PR,161,2107.06998,included,15
math.PR,162,2008.01606,included,18
math.PR,163,2212.14544,included,39
math.PR,164,2209.09495,included,47
math.PR,165,2103.14631,included,31
math.PR,166,2001.11362,included,14
math.PR,167,2107.01517,included,26
math.PR,168,2107.03822,included,33
math.PR,169,2112.12574,included,26
math.PR,170,2101.11578,no_bibliography,0
math.PR,171,2209.14002,included,59
math.PR,172,2101.00915,included,38
math.PR,173,2201.06278,included,11
math.PR,174,2202.02885,included,28
math.PR,175,2111.08293,included,18
math.PR,176,2204.02562,included,45
math.PR,177,2006.07624,included,15
math.PR,178,2103.09349,included,37
math.PR,179,2009.08389,included,42
math.PR,180,2103.04817,no_bibliography,0
math.PR,181,2111.07810,included,26
math.PR,182,2206.04275,included,5
math.PR,183,2004.03999,included,27
math.PR,184,2106.12530,included,21
math.PR,185,2106.07281,included,17
math.PR,186,2001.02528,included,21
math.PR,187,2203.07346,included,82
math.PR,188,2007.06295,included,21
math.PR,189,2208.12245,included,23
math.PR,190,2105.13916,included,21
math.PR,191,2102.08536,included,59
math.PR,192,2206.12859,included,24
math.PR,193,2010.03347,included,9
math.PR,194,2105.13446,included,33
math.PR,195,2209.02039,no_bibliography,0
math.PR,196,2208.02184,included,36
math.PR,197,2004.12290,included,22
math.CO,54,2212.13588,included,38
math.CO,55,2208.10475,included,26
math.CO,56,2009.01024,included,14
math.CO,57,2111.11774,included,9
math.CO,58,2201.02520,included,3
math.CO,59,2106.15245,no_bibliography,0
math.CO,60,2003.04990,included,20
math.CO,61,2007.05841,included,13
math.CO,62,2006.07234,included,4
math.CO,63,2108.00613,included,17
math.CO,64,2212.00745,included,18
math.CO,65,2009.09327,included,7
math.CO,66,2006.15614,included,10
math.CO,67,2204.12136,included,4
math.CO,68,2104.07999,included,21
math.CO,69,2009.13710,included,25
math.CO,70,2105.07594,no_bibliography,0
math.CO,71,2210.17090,included,4
math.CO,72,2011.11056,included,19
math.CO,73,2202.06192,included,13
math.CO,74,2010.03363,included,4
math.CO,75,2112.07609,included,1
math.CO,76,2012.08411,included,16
math.CO,77,2110.09636,included,17
math.CO,78,2006.04177,included,18
math.CO,79,2004.04995,included,15
math.CO,80,2109.02021,included,9
math.CO,81,2111.10702,included,53
math.CO,82,2204.04373,included,17
math.CO,83,2211.06396,included,10
math.CO,84,2212.14666,included,17
math.CO,85,2006.09321,included,10
math.CO,86,2006.16396,included,20
math.CO,87,2212.10920,included,36
math.CO,88,2011.01892,included,7
math.CO,89,2107.05207,included,36
math.CO,90,2206.05908,included,46
math.CO,91,2210.14839,included,29
math.CO,92,2112.03893,included,26
math.CO,93,2211.10607,included,16
math.CO,94,2209.00523,included,15
math.CO,95,2201.02332,included,9
math.CO,96,2108.10408,included,56
math.CO,97,2003.03084,included,10
math.CO,98,2010.04204,no_bibliography,0
math.CO,99,2105.03466,included,36
math.CO,100,2105.02677,included,18
math.CO,101,2006.14908,included,26
math.CO,102,2106.07042,included,26
math.CO,103,2005.09798,included,16
math.CO,104,2004.05423,included,36
math.CO,105,2003.13598,included,6
math.CO,106,2111.06079,included,37
math.DG,48,2109.10579,included,31
math.DG,49,2207.13806,included,20
math.DG,50,2005.09196,included,22
math.DG,51,2201.12654,included,23
